nyc/0316_feis.pdf,125th Street @ Fifth Ave,x,date,09:00-09:15,,,,,,,,,,,,,101,44,114,57,
nyc/0316_feis.pdf,125th Street @ Fifth Ave,x,date,12:00-12:15,,,,,,,,,,,,,151,48,223,60,
nyc/0316_feis.pdf,125th Street @ Fifth Ave,x,date,17:00-17:15,,,,,,,,,,,,,206,77,283,72,
nyc/0316_feis.pdf,East 124th Street @ Madison Ave,x,date,09:00-09:15,,,,,,,,,,,,,48,58,18,22,
nyc/0316_feis.pdf,East 124th Street @ Madison Ave,x,date,12:00-12:15,,,,,,,,,,,,,75,56,27,36,
nyc/0316_feis.pdf,East 124th Street @ Madison Ave,x,date,17:00-17:15,,,,,,,,,,,,,41,58,37,40,
nyc/0316_feis.pdf,East 125th Street @ Lexington Ave,x,date,09:00-09:15,,,,,,,,,,,,,166,98,126,136,
nyc/0316_feis.pdf,East 125th Street @ Lexington Ave,x,date,12:00-12:15,,,,,,,,,,,,,238,110,217,206,
nyc/0316_feis.pdf,East 125th Street @ Lexington Ave,x,date,17:00-17:15,,,,,,,,,,,,,200,134,214,206,
nyc/0316_feis.pdf,East 125th Street @ Madison Ave,x,date,09:00-09:15,,,,,,,,,,,,,132,42,102,38,
nyc/0316_feis.pdf,East 125th Street @ Madison Ave,x,date,12:00-12:15,,,,,,,,,,,,,198,42,193,52,
nyc/0316_feis.pdf,East 125th Street @ Madison Ave,x,date,17:00-17:15,,,,,,,,,,,,,241,52,192,39,
nyc/0316_feis.pdf,East 125th Street @ Park Ave (Northbound),x,date,09:00-09:15,,,,,,,,,,,,,176,67,231,60,
nyc/0316_feis.pdf,East 125th Street @ Park Ave (Northbound),x,date,12:00-12:15,,,,,,,,,,,,,206,78,215,69,
nyc/0316_feis.pdf,East 125th Street @ Park Ave (Northbound),x,date,17:00-17:15,,,,,,,,,,,,,282,60,297,50,
nyc/0316_feis.pdf,East 125th Street @ Park Ave (Southbound),x,date,09:00-09:15,,,,,,,,,,,,,183,32,177,19,
nyc/0316_feis.pdf,East 125th Street @ Park Ave (Southbound),x,date,12:00-12:15,,,,,,,,,,,,,199,32,217,19,
nyc/0316_feis.pdf,East 125th Street @ Park Ave (Southbound),x,date,17:00-17:15,,,,,,,,,,,,,229,30,236,9,
nyc/0316_feis.pdf,East 125th Street @ Third Ave,x,date,09:00-09:15,,,,,,,,,,,,,41,29,64,52,
nyc/0316_feis.pdf,East 125th Street @ Third Ave,x,date,12:00-12:15,,,,,,,,,,,,,51,29,68,93,
nyc/0316_feis.pdf,East 125th Street @ Third Ave,x,date,17:00-17:15,,,,,,,,,,,,,55,34,90,66,
nyc/0316_feis.pdf,West 124th Street @ Adam Clayton Powell Blvd,x,date,09:00-09:15,,,,,,,,,,,,,33,80,32,81,
nyc/0316_feis.pdf,West 124th Street @ Adam Clayton Powell Blvd,x,date,12:00-12:15,,,,,,,,,,,,,60,87,41,103,
nyc/0316_feis.pdf,West 124th Street @ Adam Clayton Powell Blvd,x,date,17:00-17:15,,,,,,,,,,,,,40,114,28,122,
nyc/0316_feis.pdf,West 124th Street @ Malcolm X Boulevard,x,date,09:00-09:15,,,,,,,,,,,,,62,94,19,93,
nyc/0316_feis.pdf,West 124th Street @ Malcolm X Boulevard,x,date,12:00-12:15,,,,,,,,,,,,,78,100,27,52,
nyc/0316_feis.pdf,West 124th Street @ Malcolm X Boulevard,x,date,17:00-17:15,,,,,,,,,,,,,60,155,2,43,
nyc/0316_feis.pdf,West 125th Street @ Adam Clayton Powell Blvd,x,date,09:00-09:15,,,,,,,,,,,,,170,75,129,69,
nyc/0316_feis.pdf,West 125th Street @ Adam Clayton Powell Blvd,x,date,12:00-12:15,,,,,,,,,,,,,267,70,429,154,
nyc/0316_feis.pdf,West 125th Street @ Adam Clayton Powell Blvd,x,date,17:00-17:15,,,,,,,,,,,,,278,97,605,141,
nyc/0316_feis.pdf,West 125th Street @ Broadway,x,date,09:00-09:15,,,,,,,,,,,,,15,66,15,49,
nyc/0316_feis.pdf,West 125th Street @ Broadway,x,date,12:00-12:15,,,,,,,,,,,,,17,57,18,39,
nyc/0316_feis.pdf,West 125th Street @ Broadway,x,date,17:00-17:15,,,,,,,,,,,,,15,85,25,78,
nyc/0316_feis.pdf,West 125th Street @ Frederick Douglass Blvd,x,date,09:00-09:15,,,,,,,,,,,,,173,80,140,56,
nyc/0316_feis.pdf,West 125th Street @ Frederick Douglass Blvd,x,date,12:00-12:15,,,,,,,,,,,,,258,148,381,146,
nyc/0316_feis.pdf,West 125th Street @ Frederick Douglass Blvd,x,date,17:00-17:15,,,,,,,,,,,,,235,118,444,134,
nyc/0316_feis.pdf,West 125th Street @ Malcolm X Boulevard,x,date,09:00-09:15,,,,,,,,,,,,,172,83,151,138,
nyc/0316_feis.pdf,West 125th Street @ Malcolm X Boulevard,x,date,12:00-12:15,,,,,,,,,,,,,249,147,233,277,
nyc/0316_feis.pdf,West 125th Street @ Malcolm X Boulevard,x,date,17:00-17:15,,,,,,,,,,,,,225,142,294,171,
nyc/0316_feis.pdf,West 125th Street @ St. Nicholas Ave,x,date,09:00-09:15,,,,,,,,,,,,,134,50,109,78,
nyc/0316_feis.pdf,West 125th Street @ St. Nicholas Ave,x,date,12:00-12:15,,,,,,,,,,,,,245,90,202,79,
nyc/0316_feis.pdf,West 125th Street @ St. Nicholas Ave,x,date,17:00-17:15,,,,,,,,,,,,,246,103,212,108,
nyc/0316_feis.pdf,West 126th Street @ Adam Clayton Powell Blvd,x,date,09:00-09:15,,,,,,,,,,,,,27,81,26,75,
nyc/0316_feis.pdf,West 126th Street @ Adam Clayton Powell Blvd,x,date,12:00-12:15,,,,,,,,,,,,,22,95,35,89,
nyc/0316_feis.pdf,West 126th Street @ Adam Clayton Powell Blvd,x,date,17:00-17:15,,,,,,,,,,,,,24,89,28,71,
nyc/0316_feis.pdf,West 126th Street @ Malcolm X Boulevard,x,date,09:00-09:15,,,,,,,,,,,,,28,108,28,197,
nyc/0316_feis.pdf,West 126th Street @ Malcolm X Boulevard,x,date,12:00-12:15,,,,,,,,,,,,,22,168,62,138,
nyc/0316_feis.pdf,West 126th Street @ Malcolm X Boulevard,x,date,17:00-17:15,,,,,,,,,,,,,23,200,43,221,
nyc/07DME025M_\ DEIS_17_Transit_and_Pedestrians.pdf,East 125th Street and 2nd Ave,x,date,09:00-09:15,,,,,,,,,,,,,11,82(extrapolated),11(extrapolated),82,
nyc/07DME025M_\ DEIS_17_Transit_and_Pedestrians.pdf,East 125th Street and 2nd Ave,x,date,12:00-12:15,,,,,,,,,,,,,34,107(extrapolated),34(extrapolated),107,
nyc/07DME025M_\ DEIS_17_Transit_and_Pedestrians.pdf,East 125th Street and 2nd Ave,x,date,17:00-17:15,,,,,,,,,,,,,12,85(extrapolated),12(extrapolated),85,
nyc/07DME025M_\ DEIS_17_Transit_and_Pedestrians.pdf,East 125th Street and 3rd Ave,x,date,09:00-09:15,,,,,,,,,,,,,41,29,64,52,
nyc/07DME025M_\ DEIS_17_Transit_and_Pedestrians.pdf,East 125th Street and 3rd Ave,x,date,12:00-12:15,,,,,,,,,,,,,41,49,75,38,
nyc/07DME025M_\ DEIS_17_Transit_and_Pedestrians.pdf,East 125th Street and 3rd Ave,x,date,17:00-17:15,,,,,,,,,,,,,55,34,90,66,
nyc/07DME025M_\ DEIS_17_Transit_and_Pedestrians.pdf,East 125th Street and Lexington Ave,x,date,09:00-09:15,,,,,,,,,,,,,166,98,126,98(extrapolated),
nyc/07DME025M_\ DEIS_17_Transit_and_Pedestrians.pdf,East 125th Street and Lexington Ave,x,date,12:00-12:15,,,,,,,,,,,,,190,261,186,261(extrapolated),
nyc/07DME025M_\ DEIS_17_Transit_and_Pedestrians.pdf,East 125th Street and Lexington Ave,x,date,17:00-17:15,,,,,,,,,,,,,200,134,214,134(extrapolated),
nyc/07DME025M_\ DEIS_17_Transit_and_Pedestrians.pdf,East 126th St and 2nd Ave,x,date,09:00-09:15,,,,,,,,,,,,,18,19(extrapolated),21,19,
nyc/07DME025M_\ DEIS_17_Transit_and_Pedestrians.pdf,East 126th St and 2nd Ave,x,date,12:00-12:15,,,,,,,,,,,,,15,19(extrapolated),26,19,
nyc/07DME025M_\ DEIS_17_Transit_and_Pedestrians.pdf,East 126th St and 2nd Ave,x,date,17:00-17:15,,,,,,,,,,,,,13,26(extrapolated),17,26,
nyc/07DME025M_\ DEIS_17_Transit_and_Pedestrians.pdf,East 126th St and 3rd Ave,x,date,09:00-09:15,,,,,,,,,,,,,22,8,9,8(extrapolated),
nyc/07DME025M_\ DEIS_17_Transit_and_Pedestrians.pdf,East 126th St and 3rd Ave,x,date,12:00-12:15,,,,,,,,,,,,,6,8,6,8(extrapolated),
nyc/07DME025M_\ DEIS_17_Transit_and_Pedestrians.pdf,East 126th St and 3rd Ave,x,date,17:00-17:15,,,,,,,,,,,,,12,9,8,9(extrapolated),
nyc/07DME025M_\ DEIS_17_Transit_and_Pedestrians.pdf,East 127th St and 3rd Ave,x,date,09:00-09:15,,,,,,,,,,,,,5(extrapolated),11,5,11(extrapolated),
nyc/07DME025M_\ DEIS_17_Transit_and_Pedestrians.pdf,East 127th St and 3rd Ave,x,date,12:00-12:15,,,,,,,,,,,,,1(extrapolated),4,1,4(extrapolated),
nyc/07DME025M_\ DEIS_17_Transit_and_Pedestrians.pdf,East 127th St and 3rd Ave,x,date,17:00-17:15,,,,,,,,,,,,,2(extrapolated),2,2,2(extrapolated),
nyc/08DME004X_FEIS_Appendix_C_Transit_and_Pedestrians.pdf,Davison Ave and Kingsbridge Rd,x,date,09:00-09:15,,,,,,,,,,,,,67(extrapolated),16,67,14,
nyc/08DME004X_FEIS_Appendix_C_Transit_and_Pedestrians.pdf,Davison Ave and Kingsbridge Rd,x,date,12:00-12:15,,,,,,,,,,,,,150(extrapolated),5,150,7,
nyc/08DME004X_FEIS_Appendix_C_Transit_and_Pedestrians.pdf,Jerome Ave and 195th St,x,date,09:00-09:15,,,,,,,,,,,,,83,175(extrapolated),34,175,
nyc/08DME004X_FEIS_Appendix_C_Transit_and_Pedestrians.pdf,Jerome Ave and 195th St,x,date,12:00-12:15,,,,,,,,,,,,,18,148(extrapolated),29,148,
nyc/08DME004X_FEIS_Appendix_C_Transit_and_Pedestrians.pdf,Jerome Ave and Kingsbridge Rd,x,date,09:00-09:15,,,,,,,,,,,,,46,89,61,45,
nyc/08DME004X_FEIS_Appendix_C_Transit_and_Pedestrians.pdf,Jerome Ave and Kingsbridge Rd,x,date,12:00-12:15,,,,,,,,,,,,,57,68,72,63,
nyc/08DME004X_FEIS_Appendix_C_Transit_and_Pedestrians.pdf,Reservoir Ave and 195th St,x,date,09:00-09:15,,,,,,,,,,,,,301,56,14,33,
nyc/08DME004X_FEIS_Appendix_C_Transit_and_Pedestrians.pdf,Reservoir Ave and 195th St,x,date,12:00-12:15,,,,,,,,,,,,,32,30,8,13,
nyc/08DME004X_FEIS_Appendix_C_Transit_and_Pedestrians.pdf,Reservoir Ave and Kingbridge Rd,x,date,09:00-09:15,,,,,,,,,,,,,71,27,73,17,
nyc/08DME004X_FEIS_Appendix_C_Transit_and_Pedestrians.pdf,Reservoir Ave and Kingbridge Rd,x,date,12:00-12:15,,,,,,,,,,,,,70,12,120,31,
nyc/08DME007K_DEIS_Appendix_G_Pedestrian_Volume_Maps.pdf,Mermaid Ave and W. 17th St,x,date,09:00-09:15,,,,,,,,,,,,,30,12,76,10,
nyc/08DME007K_DEIS_Appendix_G_Pedestrian_Volume_Maps.pdf,Surf Ave and W. 16th St,x,date,09:00-09:15,,,,,,,,,,,,,34,4,28,2,
nyc/08DME007K_DEIS_Appendix_G_Pedestrian_Volume_Maps.pdf,Surf Ave and W. 17th St,x,date,09:00-09:15,,,,,,,,,,,,,20,6,35,5,
nyc/10_feis.pdf,Bushwick Ave and Flushing Ave,x,date,09:00-10:00,,,,,,,,,,,,,104(extrapolated),119,104,55,
nyc/10_feis.pdf,Bushwick Ave and Flushing Ave,x,date,12:00-13:00,,,,,,,,,,,,,100(extrapolated),48,100,35,
nyc/10_feis.pdf,Bushwick Ave and Flushing Ave,x,date,17:00-18:00,,,,,,,,,,,,,97(extrapolated),63,97,33,
nyc/10_feis.pdf,Evergreen Ave and Flushing Ave,x,date,09:00-10:00,,,,,,,,,,,,,89(extrapolated),25(extrapolated),89,25,
nyc/10_feis.pdf,Evergreen Ave and Flushing Ave,x,date,12:00-13:00,,,,,,,,,,,,,21(extrapolated),89(extrapolated),21,89,
nyc/10_feis.pdf,Evergreen Ave and Flushing Ave,x,date,17:00-18:00,,,,,,,,,,,,,85(extrapolated),22(extrapolated),85,22,
nyc/11DME001K_FEIS_09_Transportation.pdf,Navy St and Nassau St,x,date,09:00-09:15,,,,,,,,,,,,,9,9,13,55,
nyc/11DME001K_FEIS_09_Transportation.pdf,Navy St and Nassau St,x,date,12:00-12:15,,,,,,,,,,,,,11,21,7,38,
nyc/11DME001K_FEIS_09_Transportation.pdf,Navy St and Nassau St,x,date,17:00-17:15,,,,,,,,,,,,,6,7,15,12,
nyc/11DME001K_FEIS_09_Transportation.pdf,Navy St and Sands St,x,date,09:00-09:15,,,,,,,,,,,,,19,5,10,31,
nyc/11DME001K_FEIS_09_Transportation.pdf,Navy St and Sands St,x,date,12:00-12:15,,,,,,,,,,,,,5,21,5,4,
nyc/11DME001K_FEIS_09_Transportation.pdf,Navy St and Sands St,x,date,17:00-17:15,,,,,,,,,,,,,7,5,4,11,
nyc/12_feis.pdf,2nd Ave and E 42nd St,x,date,09:00-10:00,,,,,,,,,,,,,879,710(extrapolated),879(extrapolated),710,
nyc/12_feis.pdf,2nd Ave and E 42nd St,x,date,12:00-13:00,,,,,,,,,,,,,563,581(extrapolated),563(extrapolated),581,
nyc/12_feis.pdf,2nd Ave and E 42nd St,x,date,17:00-18:00,,,,,,,,,,,,,786,706(extrapolated),786(extrapolated),706,
nyc/12_feis.pdf,2nd Ave and E 43rd St,x,date,09:00-10:00,,,,,,,,,,,,,458(extrapolated),644(extrapolated),458,644,
nyc/12_feis.pdf,2nd Ave and E 43rd St,x,date,12:00-13:00,,,,,,,,,,,,,451(extrapolated),734(extrapolated),451,734,
nyc/12_feis.pdf,2nd Ave and E 43rd St,x,date,17:00-18:00,,,,,,,,,,,,,495(extrapolated),717(extrapolated),495,717,
nyc/12_feis.pdf,3rd Ave and E. 42nd St,x,date,09:00-10:00,,,,,,,,,,,,,1884,1732,1884(extrapolated),1674,
nyc/12_feis.pdf,3rd Ave and E. 42nd St,x,date,12:00-13:00,,,,,,,,,,,,,923,1497,923(extrapolated),1253,
nyc/12_feis.pdf,3rd Ave and E. 42nd St,x,date,17:00-18:00,,,,,,,,,,,,,1657,1466,1657(extrapolated),2087,
nyc/12_feis.pdf,3rd Ave and E. 49th St,x,date,09:00-10:00,,,,,,,,,,,,,288,1261(extrapolated),288(extrapolated),1261,
nyc/12_feis.pdf,3rd Ave and E. 49th St,x,date,12:00-13:00,,,,,,,,,,,,,506,1319(extrapolated),506(extrapolated),1319,
nyc/12_feis.pdf,3rd Ave and E. 49th St,x,date,17:00-18:00,,,,,,,,,,,,,327,1136(extrapolated),327(extrapolated),1136,
nyc/12_feis.pdf,3rd Ave and E. 50th St,x,date,09:00-10:00,,,,,,,,,,,,,381(extrapolated),1950,381,1487,
nyc/12_feis.pdf,3rd Ave and E. 50th St,x,date,12:00-13:00,,,,,,,,,,,,,422(extrapolated),1342,422,1491,
nyc/12_feis.pdf,3rd Ave and E. 50th St,x,date,17:00-18:00,,,,,,,,,,,,,447(extrapolated),2049,447,1416,
nyc/12_feis.pdf,Fifth Ave @ East 40th St,x,date,09:00-10:00,,,,,,,,,,,,,1218(extrapolated),1059,1218,1059(extrapolated),
nyc/12_feis.pdf,Fifth Ave @ East 40th St,x,date,12:00-13:00,,,,,,,,,,,,,1660(extrapolated),2066,1660,2066(extrapolated),
nyc/12_feis.pdf,Fifth Ave @ East 40th St,x,date,17:00-18:00,,,,,,,,,,,,,1557(extrapolated),1825,1557,1825(extrapolated),
nyc/12_feis.pdf,Fifth Ave @ East 42nd St,x,date,09:00-10:00,,,,,,,,,,,,,1733,1727,2397,1449,
nyc/12_feis.pdf,Fifth Ave @ East 42nd St,x,date,12:00-13:00,,,,,,,,,,,,,1669,2273,1428,1652,
nyc/12_feis.pdf,Fifth Ave @ East 42nd St,x,date,17:00-18:00,,,,,,,,,,,,,2120,2943,2208,2098,
nyc/12_feis.pdf,Fifth Ave @ East 43rd St,x,date,09:00-10:00,,,,,,,,,,,,,1858,638,1334,1506,
nyc/12_feis.pdf,Fifth Ave @ East 43rd St,x,date,12:00-13:00,,,,,,,,,,,,,1300,1532,712,2017,
nyc/12_feis.pdf,Fifth Ave @ East 43rd St,x,date,17:00-18:00,,,,,,,,,,,,,1364,2192,1450,3042,
nyc/12_feis.pdf,Fifth Ave @ East 44th St,x,date,09:00-10:00,,,,,,,,,,,,,773,1904,1018,1456,
nyc/12_feis.pdf,Fifth Ave @ East 44th St,x,date,12:00-13:00,,,,,,,,,,,,,919,2878,1231,2536,
nyc/12_feis.pdf,Fifth Ave @ East 44th St,x,date,17:00-18:00,,,,,,,,,,,,,1165,2793,2624,2930,
nyc/12_feis.pdf,Fifth Ave @ East 45th St,x,date,09:00-10:00,,,,,,,,,,,,,929,1273,875,1273(extrapolated),
nyc/12_feis.pdf,Fifth Ave @ East 45th St,x,date,12:00-13:00,,,,,,,,,,,,,1193,2020,1053,2020(extrapolated),
nyc/12_feis.pdf,Fifth Ave @ East 45th St,x,date,17:00-18:00,,,,,,,,,,,,,978,1869,1193,1869(extrapolated),
nyc/12_feis.pdf,Fifth Ave @ East 46th St,x,date,09:00-10:00,,,,,,,,,,,,,564,1138,747,977,
nyc/12_feis.pdf,Fifth Ave @ East 46th St,x,date,12:00-13:00,,,,,,,,,,,,,437,1978,1010,1852,
nyc/12_feis.pdf,Fifth Ave @ East 46th St,x,date,17:00-18:00,,,,,,,,,,,,,720,2037,810,1925,
nyc/12_feis.pdf,Fifth Ave @ East 47th St,x,date,09:00-10:00,,,,,,,,,,,,,974(extrapolated),924,974,1025,
nyc/12_feis.pdf,Fifth Ave @ East 47th St,x,date,12:00-13:00,,,,,,,,,,,,,533(extrapolated),1792,533,2431,
nyc/12_feis.pdf,Fifth Ave @ East 47th St,x,date,17:00-18:00,,,,,,,,,,,,,929(extrapolated),1613,929,2540,
nyc/12_feis.pdf,Lexington Ave @ East 42nd St,x,date,09:00-10:00,,,,,,,,,,,,,2233,1324,2233(extrapolated),1324(extrapolated),
nyc/12_feis.pdf,Lexington Ave @ East 42nd St,x,date,12:00-13:00,,,,,,,,,,,,,1497,1343,1497(extrapolated),1343(extrapolated),
nyc/12_feis.pdf,Lexington Ave @ East 42nd St,x,date,17:00-18:00,,,,,,,,,,,,,2167,1243,2167(extrapolated),1243(extrapolated),
nyc/12_feis.pdf,Lexington Ave @ East 48th St,x,date,09:00-10:00,,,,,,,,,,,,,631,830,401,835,
nyc/12_feis.pdf,Lexington Ave @ East 48th St,x,date,12:00-13:00,,,,,,,,,,,,,349,916,401,686,
nyc/12_feis.pdf,Lexington Ave @ East 48th St,x,date,17:00-18:00,,,,,,,,,,,,,654,974,369,792,
nyc/12_feis.pdf,Lexington Ave @ East 49th St,x,date,09:00-10:00,,,,,,,,,,,,,596,978,578,1276,
nyc/12_feis.pdf,Lexington Ave @ East 49th St,x,date,12:00-13:00,,,,,,,,,,,,,505,922,344,812,
nyc/12_feis.pdf,Lexington Ave @ East 49th St,x,date,17:00-18:00,,,,,,,,,,,,,405,1335,458,1231,
nyc/12_feis.pdf,Lexington Ave @ East 50th St,x,date,09:00-10:00,,,,,,,,,,,,,1222,1998,853,2005,
nyc/12_feis.pdf,Lexington Ave @ East 50th St,x,date,12:00-13:00,,,,,,,,,,,,,597,1382,583,976,
nyc/12_feis.pdf,Lexington Ave @ East 50th St,x,date,17:00-18:00,,,,,,,,,,,,,852,2316,750,1556,
nyc/12_feis.pdf,Madison Ave @ East 40th St,x,date,09:00-10:00,,,,,,,,,,,,,618,1050(extrapolated),836,1050,
nyc/12_feis.pdf,Madison Ave @ East 40th St,x,date,12:00-13:00,,,,,,,,,,,,,985,1639(extrapolated),1090,1639,
nyc/12_feis.pdf,Madison Ave @ East 40th St,x,date,17:00-18:00,,,,,,,,,,,,,865,1149(extrapolated),927,1149,
nyc/12_feis.pdf,Madison Ave @ East 42nd St,x,date,09:00-10:00,,,,,,,,,,,,,3504,2197,2241,1450,
nyc/12_feis.pdf,Madison Ave @ East 42nd St,x,date,12:00-13:00,,,,,,,,,,,,,2867,1699,2033,1572,
nyc/12_feis.pdf,Madison Ave @ East 42nd St,x,date,17:00-18:00,,,,,,,,,,,,,4729,2135,2459,1472,
nyc/12_feis.pdf,Madison Ave @ East 43rd St,x,date,09:00-10:00,,,,,,,,,,,,,1371,1076,1435,1186,
nyc/12_feis.pdf,Madison Ave @ East 43rd St,x,date,12:00-13:00,,,,,,,,,,,,,885,1062,703,1485,
nyc/12_feis.pdf,Madison Ave @ East 43rd St,x,date,17:00-18:00,,,,,,,,,,,,,1493,712,1279,1537,
nyc/12_feis.pdf,Madison Ave @ East 44th St,x,date,09:00-10:00,,,,,,,,,,,,,401,938,401(extrapolated),1030,
nyc/12_feis.pdf,Madison Ave @ East 44th St,x,date,12:00-13:00,,,,,,,,,,,,,443,1122,443(extrapolated),1216,
nyc/12_feis.pdf,Madison Ave @ East 44th St,x,date,17:00-18:00,,,,,,,,,,,,,578,1402,578(extrapolated),1269,
nyc/12_feis.pdf,Madison Ave @ East 45th St,x,date,09:00-10:00,,,,,,,,,,,,,1203,1556,1203(extrapolated),896,
nyc/12_feis.pdf,Madison Ave @ East 45th St,x,date,12:00-13:00,,,,,,,,,,,,,1149,1865,1149(extrapolated),1284,
nyc/12_feis.pdf,Madison Ave @ East 45th St,x,date,17:00-18:00,,,,,,,,,,,,,996,2071,996(extrapolated),1336,
nyc/12_feis.pdf,Madison Ave @ East 46th St,x,date,09:00-10:00,,,,,,,,,,,,,636,826,765,1177,
nyc/12_feis.pdf,Madison Ave @ East 46th St,x,date,12:00-13:00,,,,,,,,,,,,,609,959,965,1666,
nyc/12_feis.pdf,Madison Ave @ East 46th St,x,date,17:00-18:00,,,,,,,,,,,,,635,1314,810,1423,
nyc/12_feis.pdf,Madison Ave @ East 47th St,x,date,09:00-10:00,,,,,,,,,,,,,1244(extrapolated),1030,1244,939,
nyc/12_feis.pdf,Madison Ave @ East 47th St,x,date,12:00-13:00,,,,,,,,,,,,,997(extrapolated),1311,997,1580,
nyc/12_feis.pdf,Madison Ave @ East 47th St,x,date,17:00-18:00,,,,,,,,,,,,,1047(extrapolated),1344,1047,1527,
nyc/12_feis.pdf,Park Ave @ East 49th St,x,date,09:00-10:00,,,,,,,,,,,,,575(extrapolated),2045,575,2045(extrapolated),
nyc/12_feis.pdf,Park Ave @ East 49th St,x,date,12:00-13:00,,,,,,,,,,,,,459(extrapolated),1093,459,1093(extrapolated),
nyc/12_feis.pdf,Park Ave @ East 49th St,x,date,17:00-18:00,,,,,,,,,,,,,438(extrapolated),1921,438,1921(extrapolated),
nyc/13dcp047x_eas.pdf,W. 225th St and Broadway,x,date,12:00-12:15,,,,,,,,,,,,,216(extrapolated),67,216,67(extrapolated),
nyc/13dcp047x_eas.pdf,W. 225th St and Broadway,x,date,17:00-17:15,,,,,,,,,,,,,203(extrapolated),90,203,90(extrapolated),
nyc/13dcp047x_eas.pdf,W. 225th St and Parking Entrance,x,date,12:00-12:15,,,,,,,,,,,,,348(extrapolated),51,348,31,
nyc/13dcp047x_eas.pdf,W. 225th St and Parking Entrance,x,date,17:00-17:15,,,,,,,,,,,,,279(extrapolated),25,279,24,
nyc/14_feis.pdf,10th Ave and W. 53rd St,x,date,09:00-09:15,,,,,,,,,,,,,41,110,41(extrapolated),110(extrapolated),
nyc/14_feis.pdf,10th Ave and W. 53rd St,x,date,17:00-17:15,,,,,,,,,,,,,19,86,19(extrapolated),86(extrapolated),
nyc/14_feis.pdf,10th Ave and W. 54th St,x,date,09:00-09:15,,,,,,,,,,,,,37,11,37(extrapolated),11(extrapolated),
nyc/14_feis.pdf,10th Ave and W. 54th St,x,date,17:00-17:15,,,,,,,,,,,,,39,89,39(extrapolated),89(extrapolated),
nyc/14_feis.pdf,11th Ave and W 53rd St,x,date,09:00-09:15,,,,,,,,,,,,,34,7,34(extrapolated),7(extrapolated),
nyc/14_feis.pdf,11th Ave and W 53rd St,x,date,17:00-17:15,,,,,,,,,,,,,55,26,55(extrapolated),26(extrapolated),
nyc/14_feis.pdf,11th Ave and W 54th St,x,date,09:00-09:15,,,,,,,,,,,,,46,49,46(extrapolated),49(extrapolated),
nyc/14_feis.pdf,11th Ave and W 54th St,x,date,17:00-17:15,,,,,,,,,,,,,35,34,35(extrapolated),34(extrapolated),
nyc/16_feis.pdf,31st St and 39th Ave,x,date,09:00-09:15,,,,,,,,,,,,,31,9,6,11,
nyc/16_feis.pdf,31st St and 39th Ave,x,date,12:00-12:15,,,,,,,,,,,,,21,11,4,11,
nyc/16_feis.pdf,31st St and 39th Ave,x,date,17:00-17:15,,,,,,,,,,,,,7,11,5,16,
nyc/17_fseis.pdf,West 59th Street and West End Avenue,x,date,09:00-09:15,,,,,,,,,,,,,11,28(extrapolated),11(extrapolated),28,
nyc/17_fseis.pdf,West 59th Street and West End Avenue,x,date,12:00-12:15,,,,,,,,,,,,,9,35(extrapolated),9(extrapolated),35,
nyc/17_fseis.pdf,West 59th Street and West End Avenue,x,date,17:00-17:15,,,,,,,,,,,,,13,29(extrapolated),13(extrapolated),29,
nyc/17_fseis.pdf,West 60th Street and Amsterdam Ave.,x,date,09:00-09:15,,,,,,,,,,,,,60,157,101,187,
nyc/17_fseis.pdf,West 60th Street and Amsterdam Ave.,x,date,12:00-12:15,,,,,,,,,,,,,6,40,108,141,
nyc/17_fseis.pdf,West 60th Street and Amsterdam Ave.,x,date,17:00-17:15,,,,,,,,,,,,,76,75,106,63,
nyc/17_fseis.pdf,West 60th Street and Broadway,x,date,09:00-09:15,,,,,,,,,,,,,253,232(extrapolated),605,232,
nyc/17_fseis.pdf,West 60th Street and Broadway,x,date,12:00-12:15,,,,,,,,,,,,,292,454(extrapolated),96,454,
nyc/17_fseis.pdf,West 60th Street and Broadway,x,date,17:00-17:15,,,,,,,,,,,,,148,512(extrapolated),699,512,
nyc/17_fseis.pdf,West 60th Street and Columbus Ave.,x,date,09:00-09:15,,,,,,,,,,,,,201,144,421,230,
nyc/17_fseis.pdf,West 60th Street and Columbus Ave.,x,date,12:00-12:15,,,,,,,,,,,,,142,144,139,205,
nyc/17_fseis.pdf,West 60th Street and Columbus Ave.,x,date,17:00-17:15,,,,,,,,,,,,,317,168,372,359,
nyc/17_fseis.pdf,West 60th Street and West End Ave.,x,date,09:00-09:15,,,,,,,,,,,,,9,13,4,39,
nyc/17_fseis.pdf,West 60th Street and West End Ave.,x,date,12:00-12:15,,,,,,,,,,,,,11,21,7,38,
nyc/17_fseis.pdf,West 60th Street and West End Ave.,x,date,17:00-17:15,,,,,,,,,,,,,3,18,4,43,
nyc/17_fseis.pdf,West 61st Street and West End Avenue,x,date,09:00-09:15,,,,,,,,,,,,,36(extrapolated),38(extrapolated),36,38,
nyc/17_fseis.pdf,West 61st Street and West End Avenue,x,date,12:00-12:15,,,,,,,,,,,,,3(extrapolated),44(extrapolated),3,44,
nyc/17_fseis.pdf,West 61st Street and West End Avenue,x,date,17:00-17:15,,,,,,,,,,,,,44(extrapolated),39(extrapolated),44,39,
nyc/2011_bowery-houston-bleecker_study-technical-memo1.pdf,1st Ave and Houston,x,date,17:00-18:00,,,,,,,,,,,,,415,267,1058,315,
nyc/2011_bowery-houston-bleecker_study-technical-memo1.pdf,8th St / Astor Place / 4th Ave,x,date,17:00-18:00,,,,,,,,,,,,,2236,165,1533,578,
nyc/2011_bowery-houston-bleecker_study-technical-memo1.pdf,Bleecker and Lafayette,x,date,17:00-18:00,,,,,,,,,,,,,653,163,810,923,
nyc/2011_bowery-houston-bleecker_study-technical-memo1.pdf,Essex and Delancey,x,date,17:00-18:00,,,,,,,,,,,,,945,397,324,461,
nyc/2011_bowery-houston-bleecker_study-technical-memo1.pdf,Houston and Bowery,x,date,17:00-18:00,,,,,,,,,,,,,354,563,661,359,
nyc/2011_bowery-houston-bleecker_study-technical-memo1.pdf,Houston and Broadway,x,date,17:00-18:00,,,,,,,,,,,,,1001,1035,482,1167,
nyc/2011_northern-brownsville-study.pdf,Hopkinson Ave and Pitkin Ave,x,date,17:00-18:00,,,,,,,,,,,,,286,78,461,53,
nyc/2011_northern-brownsville-study.pdf,Mother Gaston Blvd and New York Ave,x,date,17:00-18:00,,,,,,,,,,,,,19,15,24,101,
nyc/2011_northern-brownsville-study.pdf,Rockaway Ave and Atlantic Ave,x,date,17:00-18:00,,,,,,,,,,,,,31,78,58,173,
nyc/2011_northern-brownsville-study.pdf,Rockaway Ave and Dean St,x,date,17:00-18:00,,,,,,,,,,,,,23,52,15,87,
nyc/2011_northern-brownsville-study.pdf,Rockaway Ave and Pitkin Ave,x,date,17:00-18:00,,,,,,,,,,,,,232,182,309,245,
nyc/2011_northern-brownsville-study.pdf,Thomas Boyland Ave and Atlantic Ave,x,date,17:00-18:00,,,,,,,,,,,,,28,176,67,195,
nyc/2011_northern-brownsville-study.pdf,Thomas Boyland Ave and Bergen St,x,date,17:00-18:00,,,,,,,,,,,,,26,114,18,74,
nyc/2011_seniors_greenpoint_final_report.pdf,Banker St and N 15th St,x,date,09:00-10:00,,,,,,,,,,,,,25,3,3,3,
nyc/2011_seniors_greenpoint_final_report.pdf,Banker St and N 15th St,x,date,17:00-18:00,,,,,,,,,,,,,20,8,42,16,
nyc/2011_seniors_greenpoint_final_report.pdf,Bedford Ave and N 10th St,x,date,09:00-10:00,,,,,,,,,,,,,19,294,32,281,
nyc/2011_seniors_greenpoint_final_report.pdf,Bedford Ave and N 10th St,x,date,17:00-18:00,,,,,,,,,,,,,32,403,31,333,
nyc/2011_seniors_greenpoint_final_report.pdf,Bedford Ave and N 4th St,x,date,09:00-10:00,,,,,,,,,,,,,65,442,27,384,
nyc/2011_seniors_greenpoint_final_report.pdf,Bedford Ave and N 4th St,x,date,17:00-18:00,,,,,,,,,,,,,90,609,77,128,
nyc/2011_seniors_greenpoint_final_report.pdf,Bedford Ave and N 5th St,x,date,09:00-10:00,,,,,,,,,,,,,63,606,53,128,
nyc/2011_seniors_greenpoint_final_report.pdf,Bedford Ave and N 5th St,x,date,17:00-18:00,,,,,,,,,,,,,58,717,73,398,
nyc/2011_seniors_greenpoint_final_report.pdf,Bedford Ave and N 7th St,x,date,09:00-10:00,,,,,,,,,,,,,269,172,185,149,
nyc/2011_seniors_greenpoint_final_report.pdf,Bedford Ave and N 7th St,x,date,17:00-18:00,,,,,,,,,,,,,447,392,365,333,
nyc/2011_seniors_greenpoint_final_report.pdf,Bedford Ave and N 9th St,x,date,09:00-10:00,,,,,,,,,,,,,45,346,53,263,
nyc/2011_seniors_greenpoint_final_report.pdf,Bedford Ave and N 9th St,x,date,17:00-18:00,,,,,,,,,,,,,50,391,87,365,
nyc/2011_seniors_greenpoint_final_report.pdf,Driggs Ave and N 7th St,x,date,09:00-10:00,,,,,,,,,,,,,50,183,104,82,
nyc/2011_seniors_greenpoint_final_report.pdf,Driggs Ave and N 7th St,x,date,17:00-18:00,,,,,,,,,,,,,51,169,171,81,
nyc/2011_seniors_greenpoint_final_report.pdf,Nassau Ave and Banker St:,x,date,09:00-10:00,,,,,,,,,,,,,72,266,72(extrapolated),389,
nyc/2011_seniors_greenpoint_final_report.pdf,Nassau Ave and Banker St:,x,date,17:00-18:00,,,,,,,,,,,,,90,33,90(extrapolated),30,
nyc/2012-08-safe-streets-seniors-east-flatbush-report.pdf,Utica Ave and Clarkson Ave,x,date,09:00-10:00,,,,,,,,,,,,,46,132,87,85,
nyc/2012-08-safe-streets-seniors-east-flatbush-report.pdf,Utica Ave and Clarkson Ave,x,date,17:00-18:00,,,,,,,,,,,,,61,177,101,169,
nyc/2012-08-safe-streets-seniors-east-flatbush-report.pdf,Utica Ave and E New York Ave,x,date,09:00-10:00,,,,,,,,,,,,,27,66,12,70,
nyc/2012-08-safe-streets-seniors-east-flatbush-report.pdf,Utica Ave and E New York Ave,x,date,17:00-18:00,,,,,,,,,,,,,40,190,30,202,
nyc/2012-08-safe-streets-seniors-east-flatbush-report.pdf,Utica Ave and Empire Blvd,x,date,09:00-10:00,,,,,,,,,,,,,381,49,182,240,
nyc/2012-08-safe-streets-seniors-east-flatbush-report.pdf,Utica Ave and Empire Blvd,x,date,17:00-18:00,,,,,,,,,,,,,349,286,47,492,
nyc/2012-08-safe-streets-seniors-east-flatbush-report.pdf,Utica Ave and Linden Blvd,x,date,09:00-10:00,,,,,,,,,,,,,91,104,85,114,
nyc/2012-08-safe-streets-seniors-east-flatbush-report.pdf,Utica Ave and Linden Blvd,x,date,17:00-18:00,,,,,,,,,,,,,99,230,142,202,
nyc/2012-08-safe-streets-seniors-east-flatbush-report.pdf,Utica Ave and Winthrop St,x,date,09:00-10:00,,,,,,,,,,,,,106,80,95,66,
nyc/2012-08-safe-streets-seniors-east-flatbush-report.pdf,Utica Ave and Winthrop St,x,date,17:00-18:00,,,,,,,,,,,,,95,123,142,203,
nyc/2012-08-safe-streets-seniors-sunnyside-report\ \(1\).pdf,43rd Ave and 51st St,x,date,09:00-10:00,,,,,,,,,,,,,121,203,99,31,
nyc/2012-08-safe-streets-seniors-sunnyside-report\ \(1\).pdf,43rd Ave and 51st St,x,date,12:00-13:00,,,,,,,,,,,,,77,151,110,77,
nyc/2012-08-safe-streets-seniors-sunnyside-report\ \(1\).pdf,43rd Ave and 51st St,x,date,17:00-18:00,,,,,,,,,,,,,94,181,78,29,
nyc/2012-08-safe-streets-seniors-sunnyside-report\ \(1\).pdf,Queens Blvd EB and 43rd St,x,date,09:00-10:00,,,,,,,,,,,,,10,41,130,28,
nyc/2012-08-safe-streets-seniors-sunnyside-report\ \(1\).pdf,Queens Blvd EB and 43rd St,x,date,12:00-13:00,,,,,,,,,,,,,14,58,344,40,
nyc/2012-08-safe-streets-seniors-sunnyside-report\ \(1\).pdf,Queens Blvd EB and 43rd St,x,date,17:00-18:00,,,,,,,,,,,,,14,36,381,28,
nyc/2012-08-safe-streets-seniors-sunnyside-report\ \(1\).pdf,Queens Blvd EB and 48th St,x,date,09:00-10:00,,,,,,,,,,,,,165(extrapolated),26(extrapolated),165,26,
nyc/2012-08-safe-streets-seniors-sunnyside-report\ \(1\).pdf,Queens Blvd EB and Roosevelt Ave,x,date,09:00-10:00,,,,,,,,,,,,,44,143,44(extrapolated),143(extrapolated),
nyc/2012-08-safe-streets-seniors-sunnyside-report\ \(1\).pdf,Queens Blvd WB and 43rd St,x,date,09:00-10:00,,,,,,,,,,,,,178,81,33,60,
nyc/2012-08-safe-streets-seniors-sunnyside-report\ \(1\).pdf,Queens Blvd WB and 43rd St,x,date,12:00-13:00,,,,,,,,,,,,,266,98,44,57,
nyc/2012-08-safe-streets-seniors-sunnyside-report\ \(1\).pdf,Queens Blvd WB and 43rd St,x,date,17:00-18:00,,,,,,,,,,,,,228,98,34,33,
nyc/2012-08-safe-streets-seniors-sunnyside-report\ \(1\).pdf,Queens Blvd WB and 48th St,x,date,09:00-10:00,,,,,,,,,,,,,273,162,61,80,
nyc/2012-08-safe-streets-seniors-sunnyside-report\ \(1\).pdf,Queens Blvd WB and 48th St,x,date,12:00-13:00,,,,,,,,,,,,,322,162,31,57,
nyc/2012-08-safe-streets-seniors-sunnyside-report\ \(1\).pdf,Queens Blvd WB and 48th St,x,date,17:00-18:00,,,,,,,,,,,,,364,160,35,132,
nyc/2012-08-safe-streets-seniors-sunnyside-report\ \(1\).pdf,Queens Blvd WB and Greenpoint Ave,x,date,09:00-10:00,,,,,,,,,,,,,24(extrapolated),90(extrapolated),24,90,
nyc/2012-08-safe-streets-seniors-sunnyside-report\ \(1\).pdf,Queens Blvd WB and Roosevelt Ave,x,date,09:00-10:00,,,,,,,,,,,,,6,112,6(extrapolated),112(extrapolated),
nyc/2012-08-safe-streets-seniors-sunnyside-report\ \(1\).pdf,Skillman Ave and 51st St,x,date,09:00-10:00,,,,,,,,,,,,,106,108,111,104,
nyc/2012-08-safe-streets-seniors-sunnyside-report\ \(1\).pdf,Skillman Ave and 51st St,x,date,17:00-18:00,,,,,,,,,,,,,79,27,80,55,
nyc/2012-09-safe-street-seniors-west-midtown-final-report.pdf,7th Avenue and W 31st Street,x,date,09:00-10:00,,,,,,,,,,,,,1809,1807,1527,1969,
nyc/2012-09-safe-street-seniors-west-midtown-final-report.pdf,7th Avenue and W 31st Street,x,date,12:00-13:00,,,,,,,,,,,,,973,2042,1031,2029,
nyc/2012-09-safe-street-seniors-west-midtown-final-report.pdf,7th Avenue and W 31st Street,x,date,17:00-18:00,,,,,,,,,,,,,1872,2302,879,2795,
nyc/2012-09-safe-street-seniors-west-midtown-final-report.pdf,7th Avenue and W 42nd Street,x,date,09:00-10:00,,,,,,,,,,,,,1414,1098,1743,1861,
nyc/2012-09-safe-street-seniors-west-midtown-final-report.pdf,7th Avenue and W 42nd Street,x,date,12:00-13:00,,,,,,,,,,,,,2294,1356,2041,3091,
nyc/2012-09-safe-street-seniors-west-midtown-final-report.pdf,7th Avenue and W 42nd Street,x,date,17:00-18:00,,,,,,,,,,,,,2552,2579,3404,2790,
nyc/2012-09-safe-street-seniors-west-midtown-final-report.pdf,7th Avenue and W 47th Street,x,date,09:00-10:00,,,,,,,,,,,,,793,1510,901,1388,
nyc/2012-09-safe-street-seniors-west-midtown-final-report.pdf,7th Avenue and W 47th Street,x,date,12:00-13:00,,,,,,,,,,,,,1501,2441,1791,1537,
nyc/2012-09-safe-street-seniors-west-midtown-final-report.pdf,7th Avenue and W 47th Street,x,date,17:00-18:00,,,,,,,,,,,,,1634,2650,2135,2445,
nyc/2012-09-safe-street-seniors-west-midtown-final-report.pdf,8th Avenue and W 31st Street,x,date,09:00-10:00,,,,,,,,,,,,,310,1183,319,493,
nyc/2012-09-safe-street-seniors-west-midtown-final-report.pdf,8th Avenue and W 31st Street,x,date,12:00-13:00,,,,,,,,,,,,,284,1232,599,850,
nyc/2012-09-safe-street-seniors-west-midtown-final-report.pdf,8th Avenue and W 31st Street,x,date,17:00-18:00,,,,,,,,,,,,,500,1857,576,787,
nyc/2012-09-safe-street-seniors-west-midtown-final-report.pdf,8th Avenue and W 33rd Street,x,date,09:00-10:00,,,,,,,,,,,,,764,1208,345,540,
nyc/2012-09-safe-street-seniors-west-midtown-final-report.pdf,8th Avenue and W 33rd Street,x,date,12:00-13:00,,,,,,,,,,,,,684,1399,312,692,
nyc/2012-09-safe-street-seniors-west-midtown-final-report.pdf,8th Avenue and W 33rd Street,x,date,17:00-18:00,,,,,,,,,,,,,682,2725,410,721,
nyc/2012-09-safe-street-seniors-west-midtown-final-report.pdf,8th Avenue and W 34th Street,x,date,09:00-10:00,,,,,,,,,,,,,1082,2140,1927,1637,
nyc/2012-09-safe-street-seniors-west-midtown-final-report.pdf,8th Avenue and W 34th Street,x,date,12:00-13:00,,,,,,,,,,,,,1311,2354,3332,1798,
nyc/2012-09-safe-street-seniors-west-midtown-final-report.pdf,8th Avenue and W 34th Street,x,date,17:00-18:00,,,,,,,,,,,,,1187,3318,2725,1284,
nyc/2012-09-safe-street-seniors-west-midtown-final-report.pdf,8th Avenue and W 40th Street,x,date,09:00-10:00,,,,,,,,,,,,,2969,1598,1317,2919,
nyc/2012-09-safe-street-seniors-west-midtown-final-report.pdf,8th Avenue and W 40th Street,x,date,12:00-13:00,,,,,,,,,,,,,724,1667,663,1966,
nyc/2012-09-safe-street-seniors-west-midtown-final-report.pdf,8th Avenue and W 40th Street,x,date,17:00-18:00,,,,,,,,,,,,,2031,1755,821,3182,
nyc/2012-09-safe-street-seniors-west-midtown-final-report.pdf,8th Avenue and W 42nd Street,x,date,09:00-10:00,,,,,,,,,,,,,1815,4744,4217,5056,
nyc/2012-09-safe-street-seniors-west-midtown-final-report.pdf,8th Avenue and W 42nd Street,x,date,12:00-13:00,,,,,,,,,,,,,1264,1784,1461,2368,
nyc/2012-09-safe-street-seniors-west-midtown-final-report.pdf,8th Avenue and W 42nd Street,x,date,17:00-18:00,,,,,,,,,,,,,2317,3048,4821,7920,
nyc/2012-09-safe-street-seniors-west-midtown-final-report.pdf,8th Avenue and W 43rd Street,x,date,09:00-10:00,,,,,,,,,,,,,309,2446,737,896,
nyc/2012-09-safe-street-seniors-west-midtown-final-report.pdf,8th Avenue and W 43rd Street,x,date,12:00-13:00,,,,,,,,,,,,,283,960,449,525,
nyc/2012-09-safe-street-seniors-west-midtown-final-report.pdf,8th Avenue and W 43rd Street,x,date,17:00-18:00,,,,,,,,,,,,,620,2472,900,4132,
nyc/2012-09-safe-street-seniors-west-midtown-final-report.pdf,8th Avenue and W 47th Street,x,date,09:00-10:00,,,,,,,,,,,,,336,1075,352,940,
nyc/2012-09-safe-street-seniors-west-midtown-final-report.pdf,8th Avenue and W 47th Street,x,date,12:00-13:00,,,,,,,,,,,,,542,1663,473,914,
nyc/2012-09-safe-street-seniors-west-midtown-final-report.pdf,8th Avenue and W 47th Street,x,date,17:00-18:00,,,,,,,,,,,,,525,2488,547,2349,
nyc/2012-09-safe-street-seniors-west-midtown-final-report.pdf,9th Avenue and W 33rd Street,x,date,09:00-10:00,,,,,,,,,,,,,426,340,1012,75,
nyc/2012-09-safe-street-seniors-west-midtown-final-report.pdf,9th Avenue and W 33rd Street,x,date,12:00-13:00,,,,,,,,,,,,,222,235,530,411,
nyc/2012-09-safe-street-seniors-west-midtown-final-report.pdf,9th Avenue and W 33rd Street,x,date,17:00-18:00,,,,,,,,,,,,,400,345,1663,230,
nyc/2012-09-safe-street-seniors-west-midtown-final-report.pdf,9th Avenue and W 41st Street,x,date,09:00-10:00,,,,,,,,,,,,,166,711,189,287,
nyc/2012-09-safe-street-seniors-west-midtown-final-report.pdf,9th Avenue and W 41st Street,x,date,12:00-13:00,,,,,,,,,,,,,297,761,176,431,
nyc/2012-09-safe-street-seniors-west-midtown-final-report.pdf,9th Avenue and W 41st Street,x,date,17:00-18:00,,,,,,,,,,,,,343,1090,161,542,
nyc/2012-09-safe-street-seniors-west-midtown-final-report.pdf,9th Avenue and W 42nd Street,x,date,09:00-10:00,,,,,,,,,,,,,859,626,591,545,
nyc/2012-09-safe-street-seniors-west-midtown-final-report.pdf,9th Avenue and W 42nd Street,x,date,12:00-13:00,,,,,,,,,,,,,812,737,431,698,
nyc/2012-09-safe-street-seniors-west-midtown-final-report.pdf,9th Avenue and W 42nd Street,x,date,17:00-18:00,,,,,,,,,,,,,1357,1454,871,903,
nyc/2012-09-safe-street-seniors-west-midtown-final-report.pdf,9th Avenue and W 47th Street,x,date,09:00-10:00,,,,,,,,,,,,,72,175,80,124,
nyc/2012-09-safe-street-seniors-west-midtown-final-report.pdf,9th Avenue and W 47th Street,x,date,12:00-13:00,,,,,,,,,,,,,91,236,66,142,
nyc/2012-09-safe-street-seniors-west-midtown-final-report.pdf,9th Avenue and W 47th Street,x,date,17:00-18:00,,,,,,,,,,,,,107,306,123,189,
nyc/2012-09-safe-street-seniors-west-midtown-final-report.pdf,9th Avenue and W 52nd Street,x,date,09:00-10:00,,,,,,,,,,,,,141,298,193,456,
nyc/2012-09-safe-street-seniors-west-midtown-final-report.pdf,9th Avenue and W 52nd Street,x,date,12:00-13:00,,,,,,,,,,,,,131,314,169,471,
nyc/2012-09-safe-street-seniors-west-midtown-final-report.pdf,9th Avenue and W 52nd Street,x,date,17:00-18:00,,,,,,,,,,,,,153,475,288,632,
nyc/2012-09-safe-street-seniors-west-midtown-final-report.pdf,Broadway and W 42nd Street,x,date,09:00-10:00,,,,,,,,,,,,,77,1079,1472,949,
nyc/2012-09-safe-street-seniors-west-midtown-final-report.pdf,Broadway and W 42nd Street,x,date,12:00-13:00,,,,,,,,,,,,,50,2142,1805,1493,
nyc/2012-09-safe-street-seniors-west-midtown-final-report.pdf,Broadway and W 42nd Street,x,date,17:00-18:00,,,,,,,,,,,,,97,2741,2991,1871,
nyc/2012-10-hamilton-heights-safe-seniors-report.pdf,Amsterdam Avenue and 147th Street,x,date,09:00-10:00,,,,,,,,,,,,,110,196,196,568,
nyc/2012-10-hamilton-heights-safe-seniors-report.pdf,Amsterdam Avenue and 147th Street,x,date,17:00-18:00,,,,,,,,,,,,,105,210,131,510,
nyc/2012-10-hamilton-heights-safe-seniors-report.pdf,Amsterdam Avenue and 155th Street*,x,date,09:00-10:00,,,,,,,,,,,,,310,417,66,310,
nyc/2012-10-hamilton-heights-safe-seniors-report.pdf,Amsterdam Avenue and 155th Street*,x,date,17:00-18:00,,,,,,,,,,,,,134,199,89,312,
nyc/2012-10-hamilton-heights-safe-seniors-report.pdf,Audubon Avenue and 165th Street,x,date,09:00-10:00,,,,,,,,,,,,,205,262,127,337,
nyc/2012-10-hamilton-heights-safe-seniors-report.pdf,Audubon Avenue and 165th Street,x,date,17:00-18:00,,,,,,,,,,,,,241,309,230,306,
nyc/2012-10-hamilton-heights-safe-seniors-report.pdf,Broadway and 145th Street,x,date,09:00-10:00,,,,,,,,,,,,,449,391,297,574,
nyc/2012-10-hamilton-heights-safe-seniors-report.pdf,Broadway and 145th Street,x,date,17:00-18:00,,,,,,,,,,,,,530,613,525,896,
nyc/2012-10-hamilton-heights-safe-seniors-report.pdf,Broadway and 160th Street,x,date,09:00-10:00,,,,,,,,,,,,,97,182,174,143,
nyc/2012-10-hamilton-heights-safe-seniors-report.pdf,Broadway and 160th Street,x,date,17:00-18:00,,,,,,,,,,,,,122,395,108,517,
nyc/2012-10-hamilton-heights-safe-seniors-report.pdf,Broadway and 166th Street,x,date,09:00-10:00,,,,,,,,,,,,,149,693,328,693(extrapolated),
nyc/2012-10-hamilton-heights-safe-seniors-report.pdf,Broadway and 166th Street,x,date,17:00-18:00,,,,,,,,,,,,,170,626,287,626(extrapolated),
nyc/2012-10-hamilton-heights-safe-seniors-report.pdf,St Nicholas Avenue and 165th Street,x,date,09:00-10:00,,,,,,,,,,,,,96,262,127,337,
nyc/2012-10-hamilton-heights-safe-seniors-report.pdf,St Nicholas Avenue and 165th Street,x,date,17:00-18:00,,,,,,,,,,,,,140,309,230,306,
nyc/2013-07-soundview-final-report.pdf,Archer St and Leland Ave,x,date,09:00-10:00,,,,,,,,,,,,,304,32,160,60,
nyc/2013-07-soundview-final-report.pdf,Archer St and Leland Ave,x,date,12:00-13:00,,,,,,,,,,,,,101,30,133,28,
nyc/2013-07-soundview-final-report.pdf,Castle Hill Ave and Ellis Ave,x,date,09:00-10:00,,,,,,,,,,,,,16,246,33,353,
nyc/2013-07-soundview-final-report.pdf,Castle Hill Ave and Ellis Ave,x,date,12:00-13:00,,,,,,,,,,,,,43,196,32,101,
nyc/2013-07-soundview-final-report.pdf,Castle Hill Ave and Gleason Ave,x,date,09:00-10:00,,,,,,,,,,,,,47,72,270,320,
nyc/2013-07-soundview-final-report.pdf,Castle Hill Ave and Gleason Ave,x,date,12:00-13:00,,,,,,,,,,,,,53,30,130,229,
nyc/2013-07-soundview-final-report.pdf,Castle Hill Ave and Newbold Ave,x,date,09:00-10:00,,,,,,,,,,,,,84,214,86,408,
nyc/2013-07-soundview-final-report.pdf,Castle Hill Ave and Newbold Ave,x,date,12:00-13:00,,,,,,,,,,,,,94,253,80,343,
nyc/2013-07-soundview-final-report.pdf,Castle Hill Ave and Westchester Ave,x,date,09:00-10:00,,,,,,,,,,,,,307,401,370,394,
nyc/2013-07-soundview-final-report.pdf,Castle Hill Ave and Westchester Ave,x,date,12:00-13:00,,,,,,,,,,,,,283,293,269,302,
nyc/2013-07-soundview-final-report.pdf,Castle Hill and Lafayette,x,date,09:00-10:00,,,,,,,,,,,,,18,60,27,58,
nyc/2013-07-soundview-final-report.pdf,Castle Hill and Lafayette,x,date,12:00-13:00,,,,,,,,,,,,,14,53,49,52,
nyc/2013-07-soundview-final-report.pdf,Castle Hill and Powell,x,date,09:00-10:00,,,,,,,,,,,,,56,158,264,244,
nyc/2013-07-soundview-final-report.pdf,Castle Hill and Powell,x,date,12:00-13:00,,,,,,,,,,,,,35,99,159,153,
nyc/2013-07-soundview-final-report.pdf,Castle Hill and Story,x,date,09:00-10:00,,,,,,,,,,,,,30,50,7,62,
nyc/2013-07-soundview-final-report.pdf,Castle Hill and Story,x,date,12:00-13:00,,,,,,,,,,,,,21,35,7,59,
nyc/2013-07-soundview-final-report.pdf,Tremont Ave and White Plains Rd,x,date,09:00-10:00,,,,,,,,,,,,,18,21,87,9,
nyc/2013-07-soundview-final-report.pdf,Tremont Ave and White Plains Rd,x,date,12:00-13:00,,,,,,,,,,,,,8,23,75,17,
nyc/2013-07-soundview-final-report.pdf,Waterbury and Zerega,x,date,09:00-10:00,,,,,,,,,,,,,71,18,2,66,
nyc/2013-07-soundview-final-report.pdf,Waterbury and Zerega,x,date,12:00-13:00,,,,,,,,,,,,,61,15,9,39,
nyc/2013-07-soundview-final-report.pdf,Westchester Ave and Havermeyer Ave,x,date,09:00-10:00,,,,,,,,,,,,,107,63,81,66,
nyc/2013-07-soundview-final-report.pdf,Westchester Ave and Havermeyer Ave,x,date,12:00-13:00,,,,,,,,,,,,,83,61,34,23,
nyc/2013-07-soundview-final-report.pdf,White Plains Rd and Archer St,x,date,09:00-10:00,,,,,,,,,,,,,220,82,134,94,
nyc/2013-07-soundview-final-report.pdf,White Plains Rd and Archer St,x,date,12:00-13:00,,,,,,,,,,,,,120,39,107,47,
nyc/2013-07-soundview-final-report.pdf,Zerega and Haviland,x,date,09:00-10:00,,,,,,,,,,,,,14,26,0,22,
nyc/2013-07-soundview-final-report.pdf,Zerega and Haviland,x,date,12:00-13:00,,,,,,,,,,,,,13,59,3,27,
nyc/4-10transit.pdf,E 59th St and 1st Ave,x,date,09:00-09:15,,,,,,,,,,,,,12,83,71,53,
nyc/4-10transit.pdf,E 59th St and 1st Ave,x,date,12:00-12:15,,,,,,,,,,,,,30,129,66,71,
nyc/4-10transit.pdf,E 59th St and 1st Ave,x,date,17:00-17:15,,,,,,,,,,,,,26,134,60,61,
nyc/Chapter-19-Transit-Pedestrians.pdf,Broadway and Wallabout St,x,date,09:00-09:15,,,,,,,,,,,,,23,46(extrapolated),23(extrapolated),46,
nyc/Chapter-19-Transit-Pedestrians.pdf,Broadway and Wallabout St,x,date,12:00-12:15,,,,,,,,,,,,,18,33(extrapolated),18(extrapolated),33,
nyc/Chapter-19-Transit-Pedestrians.pdf,Broadway and Wallabout St,x,date,17:00-17:15,,,,,,,,,,,,,31,42(extrapolated),31(extrapolated),42,
nyc/Chapter-19-Transit-Pedestrians.pdf,Harrison Ave and Gerry St,x,date,09:00-09:15,,,,,,,,,,,,,6,9,8,13,
nyc/Chapter-19-Transit-Pedestrians.pdf,Harrison Ave and Gerry St,x,date,12:00-12:15,,,,,,,,,,,,,9,2,7,3,
nyc/Chapter-19-Transit-Pedestrians.pdf,Harrison Ave and Gerry St,x,date,17:00-17:15,,,,,,,,,,,,,6,6,6,5,
nyc/Chapter-19-Transit-Pedestrians.pdf,Throop Ave and Lorimer St,x,date,09:00-09:15,,,,,,,,,,,,,59,95(extrapolated),59(extrapolated),95,
nyc/Chapter-19-Transit-Pedestrians.pdf,Throop Ave and Lorimer St,x,date,12:00-12:15,,,,,,,,,,,,,9,15(extrapolated),9(extrapolated),15,
nyc/Chapter-19-Transit-Pedestrians.pdf,Throop Ave and Lorimer St,x,date,17:00-17:15,,,,,,,,,,,,,28,50(extrapolated),28(extrapolated),50,
nyc/Chapter-19-Transit-Pedestrians.pdf,Union Ave and Flushing Ave,x,date,09:00-09:15,,,,,,,,,,,,,35,49,51,42,
nyc/Chapter-19-Transit-Pedestrians.pdf,Union Ave and Flushing Ave,x,date,12:00-12:15,,,,,,,,,,,,,23,26,25,11,
nyc/Chapter-19-Transit-Pedestrians.pdf,Union Ave and Flushing Ave,x,date,17:00-17:15,,,,,,,,,,,,,36,37,51,18,
nyc/gw_feis_ch_17.pdf,Bedford Ave and N 6th St,x,date,09:00-09:15,,,,,,,,,,,,,45,199,46,77,
nyc/gw_feis_ch_17.pdf,Bedford Ave and N 6th St,x,date,17:00-17:15,,,,,,,,,,,,,44,232,29,115,
nyc/gw_feis_ch_17.pdf,Bedford Ave and N 7th St,x,date,09:00-09:15,,,,,,,,,,,,,65,62,93,45,
nyc/gw_feis_ch_17.pdf,Bedford Ave and N 7th St,x,date,17:00-17:15,,,,,,,,,,,,,87,128,99,98,
nyc/gw_feis_ch_17.pdf,Manhattan Ave and Greenpoint Ave,x,date,09:00-09:15,,,,,,,,,,,,,40,87,38,128,
nyc/gw_feis_ch_17.pdf,Manhattan Ave and Greenpoint Ave,x,date,17:00-17:15,,,,,,,,,,,,,65,169,115,229,
nyc/gw_feis_ch_17.pdf,Manhattan Ave and India St,x,date,09:00-09:15,,,,,,,,,,,,,22,119,60,142,
nyc/gw_feis_ch_17.pdf,Manhattan Ave and India St,x,date,17:00-17:15,,,,,,,,,,,,,39,146,56,204,
nyc/gw_feis_ch_17.pdf,Manhattan Ave and Nassau Ave,x,date,09:00-09:15,,,,,,,,,,,,,43,57,68,57,
nyc/gw_feis_ch_17.pdf,Manhattan Ave and Nassau Ave,x,date,17:00-17:15,,,,,,,,,,,,,51,127,102,94,
nyc/http://web.mta.info/mta/planning/wry/feis_pdfs/appendices/Appendix%20E%20Transportation%20Technical%20Memos%20and%20Analyses%20revised.pdf,10th Ave and W 29th St,x,date,09:00-09:15,,,,,,,,,,,,,7,12,6,19,
nyc/http://web.mta.info/mta/planning/wry/feis_pdfs/appendices/Appendix%20E%20Transportation%20Technical%20Memos%20and%20Analyses%20revised.pdf,10th Ave and W 30th St,x,date,09:00-09:15,,,,,,,,,,,,,7,16,0,18,
nyc/http://web.mta.info/mta/planning/wry/feis_pdfs/appendices/Appendix%20E%20Transportation%20Technical%20Memos%20and%20Analyses%20revised.pdf,10th Ave and W 30th St,x,date,12:00-12:15,,,,,,,,,,,,,4,9,6,12,
nyc/http://web.mta.info/mta/planning/wry/feis_pdfs/appendices/Appendix%20E%20Transportation%20Technical%20Memos%20and%20Analyses%20revised.pdf,10th Ave and W 31st St,x,date,09:00-09:15,,,,,,,,,,,,,0,13,5,13(extrapolated),
nyc/http://web.mta.info/mta/planning/wry/feis_pdfs/appendices/Appendix%20E%20Transportation%20Technical%20Memos%20and%20Analyses%20revised.pdf,10th Ave and W 31st St,x,date,12:00-12:15,,,,,,,,,,,,,2,18,20,18(extrapolated),
nyc/http://web.mta.info/mta/planning/wry/feis_pdfs/appendices/Appendix%20E%20Transportation%20Technical%20Memos%20and%20Analyses%20revised.pdf,10th Ave and W 33rd St,x,date,09:00-09:15,,,,,,,,,,,,,59,45,33,23,
nyc/http://web.mta.info/mta/planning/wry/feis_pdfs/appendices/Appendix%20E%20Transportation%20Technical%20Memos%20and%20Analyses%20revised.pdf,10th Ave and W 33rd St,x,date,12:00-12:15,,,,,,,,,,,,,50,89,20,23,
nyc/http://web.mta.info/mta/planning/wry/feis_pdfs/appendices/Appendix%20E%20Transportation%20Technical%20Memos%20and%20Analyses%20revised.pdf,10th Ave and W 34th St,x,date,09:00-09:15,,,,,,,,,,,,,39,81,160,45,
nyc/http://web.mta.info/mta/planning/wry/feis_pdfs/appendices/Appendix%20E%20Transportation%20Technical%20Memos%20and%20Analyses%20revised.pdf,10th Ave and W 34th St,x,date,12:00-12:15,,,,,,,,,,,,,58,402,122,45,
nyc/http://web.mta.info/mta/planning/wry/feis_pdfs/appendices/Appendix%20E%20Transportation%20Technical%20Memos%20and%20Analyses%20revised.pdf,10th Ave and W 35th St,x,date,09:00-09:15,,,,,,,,,,,,,19,41,16,26,
nyc/http://web.mta.info/mta/planning/wry/feis_pdfs/appendices/Appendix%20E%20Transportation%20Technical%20Memos%20and%20Analyses%20revised.pdf,11th Ave and W 29th St,x,date,09:00-09:15,,,,,,,,,,,,,3,6,6,10,
nyc/http://web.mta.info/mta/planning/wry/feis_pdfs/appendices/Appendix%20E%20Transportation%20Technical%20Memos%20and%20Analyses%20revised.pdf,11th Ave and W 30th St,x,date,09:00-09:15,,,,,,,,,,,,,4,12,6,9,
nyc/http://web.mta.info/mta/planning/wry/feis_pdfs/appendices/Appendix%20E%20Transportation%20Technical%20Memos%20and%20Analyses%20revised.pdf,11th Ave and W 30th St,x,date,12:00-12:15,,,,,,,,,,,,,5,4,6,15,
nyc/http://web.mta.info/mta/planning/wry/feis_pdfs/appendices/Appendix%20E%20Transportation%20Technical%20Memos%20and%20Analyses%20revised.pdf,11th Ave and W 33rd St,x,date,09:00-09:15,,,,,,,,,,,,,7,2,4,7,
nyc/http://web.mta.info/mta/planning/wry/feis_pdfs/appendices/Appendix%20E%20Transportation%20Technical%20Memos%20and%20Analyses%20revised.pdf,11th Ave and W 33rd St,x,date,12:00-12:15,,,,,,,,,,,,,3,15,8,8,
nyc/http://web.mta.info/mta/planning/wry/feis_pdfs/appendices/Appendix%20E%20Transportation%20Technical%20Memos%20and%20Analyses%20revised.pdf,11th Ave and W 34th St,x,date,09:00-09:15,,,,,,,,,,,,,38,20,33,33,
nyc/http://web.mta.info/mta/planning/wry/feis_pdfs/appendices/Appendix%20E%20Transportation%20Technical%20Memos%20and%20Analyses%20revised.pdf,11th Ave and W 34th St,x,date,12:00-12:15,,,,,,,,,,,,,53,27,20,15,
nyc/http://web.mta.info/mta/planning/wry/feis_pdfs/appendices/Appendix%20E%20Transportation%20Technical%20Memos%20and%20Analyses%20revised.pdf,11th Ave and W 35th St,x,date,09:00-09:15,,,,,,,,,,,,,15,2,21,2(extrapolated),
nyc/http://web.mta.info/mta/planning/wry/feis_pdfs/appendices/Appendix%20E%20Transportation%20Technical%20Memos%20and%20Analyses%20revised.pdf,11th Ave and W 36th St,x,date,09:00-09:15,,,,,,,,,,,,,24,10,17,10(extrapolated),
nyc/http://web.mta.info/mta/planning/wry/feis_pdfs/appendices/Appendix%20E%20Transportation%20Technical%20Memos%20and%20Analyses%20revised.pdf,8th Ave and W 31st St,x,date,09:00-09:15,,,,,,,,,,,,,99,343,90,158,
nyc/http://web.mta.info/mta/planning/wry/feis_pdfs/appendices/Appendix%20E%20Transportation%20Technical%20Memos%20and%20Analyses%20revised.pdf,8th Ave and W 33rd St,x,date,09:00-09:15,,,,,,,,,,,,,258,379,72,169,
nyc/http://web.mta.info/mta/planning/wry/feis_pdfs/appendices/Appendix%20E%20Transportation%20Technical%20Memos%20and%20Analyses%20revised.pdf,8th Ave and W 33rd St,x,date,12:00-12:15,,,,,,,,,,,,,177,415,89,177,
nyc/http://web.mta.info/mta/planning/wry/feis_pdfs/appendices/Appendix%20E%20Transportation%20Technical%20Memos%20and%20Analyses%20revised.pdf,8th Ave and W 34th St,x,date,09:00-09:15,,,,,,,,,,,,,382,559,562,426,
nyc/http://web.mta.info/mta/planning/wry/feis_pdfs/appendices/Appendix%20E%20Transportation%20Technical%20Memos%20and%20Analyses%20revised.pdf,8th Ave and W 34th St,x,date,12:00-12:15,,,,,,,,,,,,,283,658,1334,464,
nyc/http://web.mta.info/mta/planning/wry/feis_pdfs/appendices/Appendix%20E%20Transportation%20Technical%20Memos%20and%20Analyses%20revised.pdf,8th Ave and W 34th St,x,date,17:00-17:15,,,,,,,,,,,,,333,786,694,312,
nyc/http://web.mta.info/mta/planning/wry/feis_pdfs/appendices/Appendix%20E%20Transportation%20Technical%20Memos%20and%20Analyses%20revised.pdf,9th Ave and W 31st St,x,date,09:00-09:15,,,,,,,,,,,,,20,107,128,65,
nyc/http://web.mta.info/mta/planning/wry/feis_pdfs/appendices/Appendix%20E%20Transportation%20Technical%20Memos%20and%20Analyses%20revised.pdf,9th Ave and W 31st St,x,date,12:00-12:15,,,,,,,,,,,,,11,85,86,65,
nyc/http://web.mta.info/mta/planning/wry/feis_pdfs/appendices/Appendix%20E%20Transportation%20Technical%20Memos%20and%20Analyses%20revised.pdf,9th Ave and W 33rd St,x,date,09:00-09:15,,,,,,,,,,,,,143,103,375,31,
nyc/http://web.mta.info/mta/planning/wry/feis_pdfs/appendices/Appendix%20E%20Transportation%20Technical%20Memos%20and%20Analyses%20revised.pdf,9th Ave and W 33rd St,x,date,12:00-12:15,,,,,,,,,,,,,46,37,175,136,
nyc/http://web.mta.info/mta/planning/wry/feis_pdfs/appendices/Appendix%20E%20Transportation%20Technical%20Memos%20and%20Analyses%20revised.pdf,9th Ave and W 34th St,x,date,09:00-09:15,,,,,,,,,,,,,222,208,289,200,
nyc/http://web.mta.info/mta/planning/wry/feis_pdfs/appendices/Appendix%20E%20Transportation%20Technical%20Memos%20and%20Analyses%20revised.pdf,9th Ave and W 34th St,x,date,12:00-12:15,,,,,,,,,,,,,87,268,222,89,
nyc/http://www.nyc.gov/html/brt/downloads/pdf/201201_brt_34th_project-analysis-report.pdf,10th Ave and 34th St,x,date,09:00-09:15,,,,,,,,,,,,,39,81,160,45,
nyc/http://www.nyc.gov/html/brt/downloads/pdf/201201_brt_34th_project-analysis-report.pdf,10th Ave and 34th St,x,date,17:00-17:15,,,,,,,,,,,,,36,38,90,26,
nyc/http://www.nyc.gov/html/brt/downloads/pdf/201201_brt_34th_project-analysis-report.pdf,11th Ave and 34th St,x,date,09:00-09:15,,,,,,,,,,,,,38,20,33,33,
nyc/http://www.nyc.gov/html/brt/downloads/pdf/201201_brt_34th_project-analysis-report.pdf,11th Ave and 34th St,x,date,17:00-17:15,,,,,,,,,,,,,19,21,25,10,
nyc/http://www.nyc.gov/html/brt/downloads/pdf/201201_brt_34th_project-analysis-report.pdf,1st Ave and 34th St,x,date,09:00-09:15,,,,,,,,,,,,,87,105,146,91,
nyc/http://www.nyc.gov/html/brt/downloads/pdf/201201_brt_34th_project-analysis-report.pdf,1st Ave and 34th St,x,date,17:00-17:15,,,,,,,,,,,,,81,109,133,106,
nyc/http://www.nyc.gov/html/brt/downloads/pdf/201201_brt_34th_project-analysis-report.pdf,2nd Ave and 34th St,x,date,09:00-09:15,,,,,,,,,,,,,112,68,164,147,
nyc/http://www.nyc.gov/html/brt/downloads/pdf/201201_brt_34th_project-analysis-report.pdf,2nd Ave and 34th St,x,date,17:00-17:15,,,,,,,,,,,,,149,84,150,160,
nyc/http://www.nyc.gov/html/brt/downloads/pdf/201201_brt_34th_project-analysis-report.pdf,3rd Ave and 34th St,x,date,09:00-09:15,,,,,,,,,,,,,108,244,297,260,
nyc/http://www.nyc.gov/html/brt/downloads/pdf/201201_brt_34th_project-analysis-report.pdf,3rd Ave and 34th St,x,date,17:00-17:15,,,,,,,,,,,,,172,328,248,217,
nyc/http://www.nyc.gov/html/brt/downloads/pdf/201201_brt_34th_project-analysis-report.pdf,6th Ave and Broadway and 34th St,x,date,09:00-09:15,,,,,,,,,,,,,518,479,618,972,
nyc/http://www.nyc.gov/html/brt/downloads/pdf/201201_brt_34th_project-analysis-report.pdf,6th Ave and Broadway and 34th St,x,date,17:00-17:15,,,,,,,,,,,,,1693,971,1362,2251,
nyc/http://www.nyc.gov/html/brt/downloads/pdf/201201_brt_34th_project-analysis-report.pdf,7th Ave and 34th St,x,date,09:00-09:15,,,,,,,,,,,,,986,1046,1650,1931,
nyc/http://www.nyc.gov/html/brt/downloads/pdf/201201_brt_34th_project-analysis-report.pdf,7th Ave and 34th St,x,date,17:00-17:15,,,,,,,,,,,,,1891,1438,2753,3382,
nyc/http://www.nyc.gov/html/brt/downloads/pdf/201201_brt_34th_project-analysis-report.pdf,8th Ave and 34th St,x,date,09:00-09:15,,,,,,,,,,,,,463,837,658,528,
nyc/http://www.nyc.gov/html/brt/downloads/pdf/201201_brt_34th_project-analysis-report.pdf,8th Ave and 34th St,x,date,17:00-17:15,,,,,,,,,,,,,786,858,791,721,
nyc/http://www.nyc.gov/html/brt/downloads/pdf/201201_brt_34th_project-analysis-report.pdf,9th Ave and 34th St,x,date,09:00-09:15,,,,,,,,,,,,,240,283,283,153,
nyc/http://www.nyc.gov/html/brt/downloads/pdf/201201_brt_34th_project-analysis-report.pdf,9th Ave and 34th St,x,date,17:00-17:15,,,,,,,,,,,,,250,334,332,157,
nyc/http://www.nyc.gov/html/dcp/pdf/env_review/15_penn/appendixc_feis.pdf,6th Ave and 31st St,x,date,09:00-09:15,,,,,,,,,,,,,231,227,243,425,
nyc/http://www.nyc.gov/html/dcp/pdf/env_review/15_penn/appendixc_feis.pdf,6th Ave and 31st St,x,date,12:00-12:15,,,,,,,,,,,,,147,355,176,398,
nyc/http://www.nyc.gov/html/dcp/pdf/env_review/15_penn/appendixc_feis.pdf,6th Ave and 31st St,x,date,17:00-17:15,,,,,,,,,,,,,216,378,228,624,
nyc/http://www.nyc.gov/html/dcp/pdf/env_review/15_penn/appendixc_feis.pdf,6th Ave and 32nd St,x,date,09:00-09:15,,,,,,,,,,,,,707,273,533,577,
nyc/http://www.nyc.gov/html/dcp/pdf/env_review/15_penn/appendixc_feis.pdf,6th Ave and 32nd St,x,date,12:00-12:15,,,,,,,,,,,,,530,178,475,621,
nyc/http://www.nyc.gov/html/dcp/pdf/env_review/15_penn/appendixc_feis.pdf,6th Ave and 32nd St,x,date,17:00-17:15,,,,,,,,,,,,,1093,187,589,925,
nyc/http://www.nyc.gov/html/dcp/pdf/env_review/15_penn/appendixc_feis.pdf,7th Ave and W 31st St,x,date,09:00-09:15,,,,,,,,,,,,,607,718,273,812,
nyc/http://www.nyc.gov/html/dcp/pdf/env_review/15_penn/appendixc_feis.pdf,7th Ave and W 31st St,x,date,12:00-12:15,,,,,,,,,,,,,344,822,158,541,
nyc/http://www.nyc.gov/html/dcp/pdf/env_review/15_penn/appendixc_feis.pdf,7th Ave and W 31st St,x,date,17:00-17:15,,,,,,,,,,,,,361,681,266,1094,
nyc/http://www.nyc.gov/html/dcp/pdf/env_review/15_penn/appendixc_feis.pdf,7th Ave and W 33rd St,x,date,09:00-09:15,,,,,,,,,,,,,391,680,486,1064,
nyc/http://www.nyc.gov/html/dcp/pdf/env_review/15_penn/appendixc_feis.pdf,7th Ave and W 33rd St,x,date,12:00-12:15,,,,,,,,,,,,,330,1091,396,818,
nyc/http://www.nyc.gov/html/dcp/pdf/env_review/15_penn/appendixc_feis.pdf,7th Ave and W 33rd St,x,date,17:00-17:15,,,,,,,,,,,,,407,1105,636,1371,
nyc/http://www.nyc.gov/html/dcp/pdf/env_review/15_penn/appendixc_feis.pdf,7th Ave and W 34th St,x,date,09:00-09:15,,,,,,,,,,,,,1068,784,1738,2066,
nyc/http://www.nyc.gov/html/dcp/pdf/env_review/15_penn/appendixc_feis.pdf,7th Ave and W 34th St,x,date,12:00-12:15,,,,,,,,,,,,,956,873,1119,1203,
nyc/http://www.nyc.gov/html/dcp/pdf/env_review/15_penn/appendixc_feis.pdf,7th Ave and W 34th St,x,date,17:00-17:15,,,,,,,,,,,,,1034,1173,1593,2352,
nyc/http://www.nyc.gov/html/dcp/pdf/env_review/15_penn/appendixc_feis.pdf,8th Ave and W 31st St,x,date,09:00-09:15,,,,,,,,,,,,,100,346,91,160,
nyc/http://www.nyc.gov/html/dcp/pdf/env_review/15_penn/appendixc_feis.pdf,8th Ave and W 31st St,x,date,12:00-12:15,,,,,,,,,,,,,52,339,148,229,
nyc/http://www.nyc.gov/html/dcp/pdf/env_review/15_penn/appendixc_feis.pdf,8th Ave and W 31st St,x,date,17:00-17:15,,,,,,,,,,,,,110,471,197,184,
nyc/http://www.nyc.gov/html/dcp/pdf/env_review/15_penn/appendixc_feis.pdf,8th Ave and W 33rd St,x,date,09:00-09:15,,,,,,,,,,,,,261,383,73,171,
nyc/http://www.nyc.gov/html/dcp/pdf/env_review/15_penn/appendixc_feis.pdf,8th Ave and W 33rd St,x,date,12:00-12:15,,,,,,,,,,,,,179,419,87,179,
nyc/http://www.nyc.gov/html/dcp/pdf/env_review/15_penn/appendixc_feis.pdf,8th Ave and W 33rd St,x,date,17:00-17:15,,,,,,,,,,,,,147,729,113,181,
nyc/http://www.nyc.gov/html/dcp/pdf/env_review/15_penn/appendixc_feis.pdf,8th Ave and W 34th St,x,date,09:00-09:15,,,,,,,,,,,,,386,565,568,430,
nyc/http://www.nyc.gov/html/dcp/pdf/env_review/15_penn/appendixc_feis.pdf,8th Ave and W 34th St,x,date,12:00-12:15,,,,,,,,,,,,,286,665,1347,469,
nyc/http://www.nyc.gov/html/dcp/pdf/env_review/15_penn/appendixc_feis.pdf,8th Ave and W 34th St,x,date,17:00-17:15,,,,,,,,,,,,,336,794,701,315,
nyc/qntransfiguration.pdf,38th Ave and 98th St,x,date,09:00-10:00,,,,,,,,,,,,,83,52,110,91,
nyc/qntransfiguration.pdf,38th Ave and 99th St,x,date,09:00-10:00,,,,,,,,,,,,,104,157,67,86,
nyc/wc_chap17_transitpeds_deis.pdf,Gansevoort St and Washington St,x,date,09:00-09:15,,,,,,,,,,,,,2,4(extrapolated),2(extrapolated),4,
nyc/wc_chap17_transitpeds_deis.pdf,Gansevoort St and Washington St,x,date,12:00-12:15,,,,,,,,,,,,,6,11(extrapolated),6(extrapolated),11,
nyc/wc_chap17_transitpeds_deis.pdf,Gansevoort St and Washington St,x,date,17:00-17:15,,,,,,,,,,,,,4,11(extrapolated),4(extrapolated),11,
nyc/wc_chap17_transitpeds_deis.pdf,W 18th St and 10th Ave,x,date,09:00-09:15,,,,,,,,,,,,,4,22,7,8,
nyc/wc_chap17_transitpeds_deis.pdf,W 18th St and 10th Ave,x,date,12:00-12:15,,,,,,,,,,,,,9,56,19,13,
nyc/wc_chap17_transitpeds_deis.pdf,W 18th St and 10th Ave,x,date,17:00-17:15,,,,,,,,,,,,,10,47,14,17,
nyc/wc_chap17_transitpeds_deis.pdf,W 18th St and 7th Ave,x,date,09:00-09:15,,,,,,,,,,,,,146,105,125,152,
nyc/wc_chap17_transitpeds_deis.pdf,W 18th St and 7th Ave,x,date,12:00-12:15,,,,,,,,,,,,,128,162,122,209,
nyc/wc_chap17_transitpeds_deis.pdf,W 18th St and 7th Ave,x,date,17:00-17:15,,,,,,,,,,,,,132,207,152,232,
nyc/wc_chap17_transitpeds_deis.pdf,W 18th St and 8th Ave,x,date,09:00-09:15,,,,,,,,,,,,,72,150,79,229,
nyc/wc_chap17_transitpeds_deis.pdf,W 18th St and 8th Ave,x,date,12:00-12:15,,,,,,,,,,,,,72,246,50,128,
nyc/wc_chap17_transitpeds_deis.pdf,W 18th St and 8th Ave,x,date,17:00-17:15,,,,,,,,,,,,,67,300,51,176,
nyc/wc_chap17_transitpeds_deis.pdf,W 18th St and 9th Ave,x,date,09:00-09:15,,,,,,,,,,,,,30,112,29,100,
nyc/wc_chap17_transitpeds_deis.pdf,W 18th St and 9th Ave,x,date,12:00-12:15,,,,,,,,,,,,,32,149,49,97,
nyc/wc_chap17_transitpeds_deis.pdf,W 18th St and 9th Ave,x,date,17:00-17:15,,,,,,,,,,,,,112,242,51,69,
nyc/wc_chap17_transitpeds_deis.pdf,W 23rd St and 10th Ave,x,date,09:00-09:15,,,,,,,,,,,,,56,66,52,47,
nyc/wc_chap17_transitpeds_deis.pdf,W 23rd St and 10th Ave,x,date,12:00-12:15,,,,,,,,,,,,,159,116,65,66,
nyc/wc_chap17_transitpeds_deis.pdf,W 23rd St and 10th Ave,x,date,17:00-17:15,,,,,,,,,,,,,181,78,73,72,
nyc/wc_chap17_transitpeds_deis.pdf,W 23rd St and 8th Ave,x,date,09:00-09:15,,,,,,,,,,,,,221,155,225,156,
nyc/wc_chap17_transitpeds_deis.pdf,W 23rd St and 8th Ave,x,date,12:00-12:15,,,,,,,,,,,,,206,221,221,174,
nyc/wc_chap17_transitpeds_deis.pdf,W 23rd St and 8th Ave,x,date,17:00-17:15,,,,,,,,,,,,,354,308,344,228,
nyc/wc_chap17_transitpeds_deis.pdf,W 23rd St and 9th Ave,x,date,09:00-09:15,,,,,,,,,,,,,148,114,133,106,
nyc/wc_chap17_transitpeds_deis.pdf,W 23rd St and 9th Ave,x,date,12:00-12:15,,,,,,,,,,,,,129,111,101,120,
nyc/wc_chap17_transitpeds_deis.pdf,W 23rd St and 9th Ave,x,date,17:00-17:15,,,,,,,,,,,,,189,108,179,128,
