16_feis.pdf,31st St and 39th Ave,x,date,12:00-12:15,,,,,,,,,,,,,21,11,4,11,
16_feis.pdf,31st St and 39th Ave,x,date,17:00-17:15,,,,,,,,,,,,,7,11,5,16,
16_feis.pdf,31st St and 39th Ave,x,date,09:00-09:15,,,,,,,,,,,,,31,9,6,11,
08DME007K_DEIS_Appendix_G_Pedestrian_Volume_Maps.pdf,Surf Ave and W. 16th St,x,date,09:00-09:15,,,,,,,,,,,,,34,4,28,2,
08DME007K_DEIS_Appendix_G_Pedestrian_Volume_Maps.pdf,Surf Ave and W. 17th St,x,date,09:00-09:15,,,,,,,,,,,,,20,6,35,5,
08DME007K_DEIS_Appendix_G_Pedestrian_Volume_Maps.pdf,Mermaid Ave and W. 17th St,x,date,09:00-09:15,,,,,,,,,,,,,30,12,76,10,
2012-09-safe-street-seniors-west-midtown-final-report.pdf,8th Avenue and W 33rd Street,x,date,12:00-13:00,,,,,,,,,,,,,684,1399,312,692,
2012-09-safe-street-seniors-west-midtown-final-report.pdf,8th Avenue and W 33rd Street,x,date,17:00-18:00,,,,,,,,,,,,,682,2725,410,721,
2012-09-safe-street-seniors-west-midtown-final-report.pdf,8th Avenue and W 33rd Street,x,date,09:00-10:00,,,,,,,,,,,,,764,1208,345,540,
2012-09-safe-street-seniors-west-midtown-final-report.pdf,9th Avenue and W 33rd Street,x,date,12:00-13:00,,,,,,,,,,,,,222,235,530,411,
2012-09-safe-street-seniors-west-midtown-final-report.pdf,9th Avenue and W 33rd Street,x,date,17:00-18:00,,,,,,,,,,,,,400,345,1663,230,
2012-09-safe-street-seniors-west-midtown-final-report.pdf,9th Avenue and W 33rd Street,x,date,09:00-10:00,,,,,,,,,,,,,426,340,1012,75,
2012-09-safe-street-seniors-west-midtown-final-report.pdf,9th Avenue and W 42nd Street,x,date,12:00-13:00,,,,,,,,,,,,,812,737,431,698,
2012-09-safe-street-seniors-west-midtown-final-report.pdf,9th Avenue and W 42nd Street,x,date,17:00-18:00,,,,,,,,,,,,,1357,1454,871,903,
2012-09-safe-street-seniors-west-midtown-final-report.pdf,9th Avenue and W 42nd Street,x,date,09:00-10:00,,,,,,,,,,,,,859,626,591,545,
2012-09-safe-street-seniors-west-midtown-final-report.pdf,9th Avenue and W 52nd Street,x,date,12:00-13:00,,,,,,,,,,,,,131,314,169,471,
2012-09-safe-street-seniors-west-midtown-final-report.pdf,9th Avenue and W 52nd Street,x,date,17:00-18:00,,,,,,,,,,,,,153,475,288,632,
2012-09-safe-street-seniors-west-midtown-final-report.pdf,9th Avenue and W 52nd Street,x,date,09:00-10:00,,,,,,,,,,,,,141,298,193,456,
2012-09-safe-street-seniors-west-midtown-final-report.pdf,Broadway and W 42nd Street,x,date,12:00-13:00,,,,,,,,,,,,,50,2142,1805,1493,
2012-09-safe-street-seniors-west-midtown-final-report.pdf,Broadway and W 42nd Street,x,date,17:00-18:00,,,,,,,,,,,,,97,2741,2991,1871,
2012-09-safe-street-seniors-west-midtown-final-report.pdf,Broadway and W 42nd Street,x,date,09:00-10:00,,,,,,,,,,,,,77,1079,1472,949,
2012-09-safe-street-seniors-west-midtown-final-report.pdf,9th Avenue and W 41st Street,x,date,12:00-13:00,,,,,,,,,,,,,297,761,176,431,
2012-09-safe-street-seniors-west-midtown-final-report.pdf,9th Avenue and W 41st Street,x,date,17:00-18:00,,,,,,,,,,,,,343,1090,161,542,
2012-09-safe-street-seniors-west-midtown-final-report.pdf,9th Avenue and W 41st Street,x,date,09:00-10:00,,,,,,,,,,,,,166,711,189,287,
2012-09-safe-street-seniors-west-midtown-final-report.pdf,8th Avenue and W 43rd Street,x,date,12:00-13:00,,,,,,,,,,,,,283,960,449,525,
2012-09-safe-street-seniors-west-midtown-final-report.pdf,8th Avenue and W 43rd Street,x,date,17:00-18:00,,,,,,,,,,,,,620,2472,900,4132,
2012-09-safe-street-seniors-west-midtown-final-report.pdf,8th Avenue and W 43rd Street,x,date,09:00-10:00,,,,,,,,,,,,,309,2446,737,896,
2012-09-safe-street-seniors-west-midtown-final-report.pdf,8th Avenue and W 34th Street,x,date,12:00-13:00,,,,,,,,,,,,,1311,2354,3332,1798,
2012-09-safe-street-seniors-west-midtown-final-report.pdf,8th Avenue and W 34th Street,x,date,17:00-18:00,,,,,,,,,,,,,1187,3318,2725,1284,
2012-09-safe-street-seniors-west-midtown-final-report.pdf,8th Avenue and W 34th Street,x,date,09:00-10:00,,,,,,,,,,,,,1082,2140,1927,1637,
2012-09-safe-street-seniors-west-midtown-final-report.pdf,7th Avenue and W 47th Street,x,date,12:00-13:00,,,,,,,,,,,,,1501,2441,1791,1537,
2012-09-safe-street-seniors-west-midtown-final-report.pdf,7th Avenue and W 47th Street,x,date,17:00-18:00,,,,,,,,,,,,,1634,2650,2135,2445,
2012-09-safe-street-seniors-west-midtown-final-report.pdf,7th Avenue and W 47th Street,x,date,09:00-10:00,,,,,,,,,,,,,793,1510,901,1388,
2012-09-safe-street-seniors-west-midtown-final-report.pdf,8th Avenue and W 31st Street,x,date,12:00-13:00,,,,,,,,,,,,,284,1232,599,850,
2012-09-safe-street-seniors-west-midtown-final-report.pdf,8th Avenue and W 31st Street,x,date,17:00-18:00,,,,,,,,,,,,,500,1857,576,787,
2012-09-safe-street-seniors-west-midtown-final-report.pdf,8th Avenue and W 31st Street,x,date,09:00-10:00,,,,,,,,,,,,,310,1183,319,493,
2012-09-safe-street-seniors-west-midtown-final-report.pdf,8th Avenue and W 47th Street,x,date,12:00-13:00,,,,,,,,,,,,,542,1663,473,914,
2012-09-safe-street-seniors-west-midtown-final-report.pdf,8th Avenue and W 47th Street,x,date,17:00-18:00,,,,,,,,,,,,,525,2488,547,2349,
2012-09-safe-street-seniors-west-midtown-final-report.pdf,8th Avenue and W 47th Street,x,date,09:00-10:00,,,,,,,,,,,,,336,1075,352,940,
2012-09-safe-street-seniors-west-midtown-final-report.pdf,7th Avenue and W 42nd Street,x,date,12:00-13:00,,,,,,,,,,,,,2294,1356,2041,3091,
2012-09-safe-street-seniors-west-midtown-final-report.pdf,7th Avenue and W 42nd Street,x,date,17:00-18:00,,,,,,,,,,,,,2552,2579,3404,2790,
2012-09-safe-street-seniors-west-midtown-final-report.pdf,7th Avenue and W 42nd Street,x,date,09:00-10:00,,,,,,,,,,,,,1414,1098,1743,1861,
2012-09-safe-street-seniors-west-midtown-final-report.pdf,8th Avenue and W 42nd Street,x,date,12:00-13:00,,,,,,,,,,,,,1264,1784,1461,2368,
2012-09-safe-street-seniors-west-midtown-final-report.pdf,8th Avenue and W 42nd Street,x,date,17:00-18:00,,,,,,,,,,,,,2317,3048,4821,7920,
2012-09-safe-street-seniors-west-midtown-final-report.pdf,8th Avenue and W 42nd Street,x,date,09:00-10:00,,,,,,,,,,,,,1815,4744,4217,5056,
2012-09-safe-street-seniors-west-midtown-final-report.pdf,8th Avenue and W 40th Street,x,date,12:00-13:00,,,,,,,,,,,,,724,1667,663,1966,
2012-09-safe-street-seniors-west-midtown-final-report.pdf,8th Avenue and W 40th Street,x,date,17:00-18:00,,,,,,,,,,,,,2031,1755,821,3182,
2012-09-safe-street-seniors-west-midtown-final-report.pdf,8th Avenue and W 40th Street,x,date,09:00-10:00,,,,,,,,,,,,,2969,1598,1317,2919,
2012-09-safe-street-seniors-west-midtown-final-report.pdf,9th Avenue and W 47th Street,x,date,12:00-13:00,,,,,,,,,,,,,91,236,66,142,
2012-09-safe-street-seniors-west-midtown-final-report.pdf,9th Avenue and W 47th Street,x,date,17:00-18:00,,,,,,,,,,,,,107,306,123,189,
2012-09-safe-street-seniors-west-midtown-final-report.pdf,9th Avenue and W 47th Street,x,date,09:00-10:00,,,,,,,,,,,,,72,175,80,124,
2012-09-safe-street-seniors-west-midtown-final-report.pdf,7th Avenue and W 31st Street,x,date,12:00-13:00,,,,,,,,,,,,,973,2042,1031,2029,
2012-09-safe-street-seniors-west-midtown-final-report.pdf,7th Avenue and W 31st Street,x,date,17:00-18:00,,,,,,,,,,,,,1872,2302,879,2795,
2012-09-safe-street-seniors-west-midtown-final-report.pdf,7th Avenue and W 31st Street,x,date,09:00-10:00,,,,,,,,,,,,,1809,1807,1527,1969,
2012-08-safe-streets-seniors-sunnyside-report\ \(1\).pdf,Queens Blvd WB and 43rd St,x,date,12:00-13:00,,,,,,,,,,,,,266,98,44,57,
2012-08-safe-streets-seniors-sunnyside-report\ \(1\).pdf,Queens Blvd WB and 43rd St,x,date,17:00-18:00,,,,,,,,,,,,,228,98,34,33,
2012-08-safe-streets-seniors-sunnyside-report\ \(1\).pdf,Queens Blvd WB and 43rd St,x,date,09:00-10:00,,,,,,,,,,,,,178,81,33,60,
2012-08-safe-streets-seniors-sunnyside-report\ \(1\).pdf,Skillman Ave and 51st St,x,date,17:00-18:00,,,,,,,,,,,,,79,27,80,55,
2012-08-safe-streets-seniors-sunnyside-report\ \(1\).pdf,Skillman Ave and 51st St,x,date,09:00-10:00,,,,,,,,,,,,,106,108,111,104,
2012-08-safe-streets-seniors-sunnyside-report\ \(1\).pdf,Queens Blvd WB and Greenpoint Ave,x,date,09:00-10:00,,,,,,,,,,,,,24(mirrored),90(mirrored),24,90,
2012-08-safe-streets-seniors-sunnyside-report\ \(1\).pdf,Queens Blvd EB and 48th St,x,date,09:00-10:00,,,,,,,,,,,,,165(mirrored),26(mirrored),165,26,
2012-08-safe-streets-seniors-sunnyside-report\ \(1\).pdf,Queens Blvd WB and 48th St,x,date,12:00-13:00,,,,,,,,,,,,,322,162,31,57,
2012-08-safe-streets-seniors-sunnyside-report\ \(1\).pdf,Queens Blvd WB and 48th St,x,date,17:00-18:00,,,,,,,,,,,,,364,160,35,132,
2012-08-safe-streets-seniors-sunnyside-report\ \(1\).pdf,Queens Blvd WB and 48th St,x,date,09:00-10:00,,,,,,,,,,,,,273,162,61,80,
2012-08-safe-streets-seniors-sunnyside-report\ \(1\).pdf,Queens Blvd WB and Roosevelt Ave,x,date,09:00-10:00,,,,,,,,,,,,,6,112,6(mirrored),112(mirrored),
2012-08-safe-streets-seniors-sunnyside-report\ \(1\).pdf,43rd Ave and 51st St,x,date,12:00-13:00,,,,,,,,,,,,,77,151,110,77,
2012-08-safe-streets-seniors-sunnyside-report\ \(1\).pdf,43rd Ave and 51st St,x,date,17:00-18:00,,,,,,,,,,,,,94,181,78,29,
2012-08-safe-streets-seniors-sunnyside-report\ \(1\).pdf,43rd Ave and 51st St,x,date,09:00-10:00,,,,,,,,,,,,,121,203,99,31,
2012-08-safe-streets-seniors-sunnyside-report\ \(1\).pdf,Queens Blvd EB and Roosevelt Ave,x,date,09:00-10:00,,,,,,,,,,,,,44,143,44(mirrored),143(mirrored),
2012-08-safe-streets-seniors-sunnyside-report\ \(1\).pdf,Queens Blvd EB and 43rd St,x,date,12:00-13:00,,,,,,,,,,,,,14,58,344,40,
2012-08-safe-streets-seniors-sunnyside-report\ \(1\).pdf,Queens Blvd EB and 43rd St,x,date,17:00-18:00,,,,,,,,,,,,,14,36,381,28,
2012-08-safe-streets-seniors-sunnyside-report\ \(1\).pdf,Queens Blvd EB and 43rd St,x,date,09:00-10:00,,,,,,,,,,,,,10,41,130,28,
13dcp047x_eas.pdf,W. 225th St and Broadway,x,date,12:00-12:15,,,,,,,,,,,,,216(mirrored),67,216,67(mirrored),
13dcp047x_eas.pdf,W. 225th St and Broadway,x,date,17:00-17:15,,,,,,,,,,,,,203(mirrored),90,203,90(mirrored),
13dcp047x_eas.pdf,W. 225th St and Parking Entrance,x,date,12:00-12:15,,,,,,,,,,,,,348(mirrored),51,348,31,
13dcp047x_eas.pdf,W. 225th St and Parking Entrance,x,date,17:00-17:15,,,,,,,,,,,,,279(mirrored),25,279,24,
07DME025M_\ DEIS_17_Transit_and_Pedestrians.pdf,East 126th St and 3rd Ave,x,date,12:00-12:15,,,,,,,,,,,,,6,8,6,8(mirrored),
07DME025M_\ DEIS_17_Transit_and_Pedestrians.pdf,East 126th St and 3rd Ave,x,date,17:00-17:15,,,,,,,,,,,,,12,9,8,9(mirrored),
07DME025M_\ DEIS_17_Transit_and_Pedestrians.pdf,East 126th St and 3rd Ave,x,date,09:00-09:15,,,,,,,,,,,,,22,8,9,8(mirrored),
07DME025M_\ DEIS_17_Transit_and_Pedestrians.pdf,East 125th Street and 2nd Ave,x,date,12:00-12:15,,,,,,,,,,,,,34,107(mirrored),34(mirrored),107,
07DME025M_\ DEIS_17_Transit_and_Pedestrians.pdf,East 125th Street and 2nd Ave,x,date,17:00-17:15,,,,,,,,,,,,,12,85(mirrored),12(mirrored),85,
07DME025M_\ DEIS_17_Transit_and_Pedestrians.pdf,East 125th Street and 2nd Ave,x,date,09:00-09:15,,,,,,,,,,,,,11,82(mirrored),11(mirrored),82,
07DME025M_\ DEIS_17_Transit_and_Pedestrians.pdf,East 125th Street and 3rd Ave,x,date,12:00-12:15,,,,,,,,,,,,,41,49,75,38,
07DME025M_\ DEIS_17_Transit_and_Pedestrians.pdf,East 125th Street and 3rd Ave,x,date,17:00-17:15,,,,,,,,,,,,,55,34,90,66,
07DME025M_\ DEIS_17_Transit_and_Pedestrians.pdf,East 125th Street and 3rd Ave,x,date,09:00-09:15,,,,,,,,,,,,,41,29,64,52,
07DME025M_\ DEIS_17_Transit_and_Pedestrians.pdf,East 127th St and 3rd Ave,x,date,12:00-12:15,,,,,,,,,,,,,1(mirrored),4,1,4(mirrored),
07DME025M_\ DEIS_17_Transit_and_Pedestrians.pdf,East 127th St and 3rd Ave,x,date,17:00-17:15,,,,,,,,,,,,,2(mirrored),2,2,2(mirrored),
07DME025M_\ DEIS_17_Transit_and_Pedestrians.pdf,East 127th St and 3rd Ave,x,date,09:00-09:15,,,,,,,,,,,,,5(mirrored),11,5,11(mirrored),
07DME025M_\ DEIS_17_Transit_and_Pedestrians.pdf,East 126th St and 2nd Ave,x,date,12:00-12:15,,,,,,,,,,,,,15,19(mirrored),26,19,
07DME025M_\ DEIS_17_Transit_and_Pedestrians.pdf,East 126th St and 2nd Ave,x,date,17:00-17:15,,,,,,,,,,,,,13,26(mirrored),17,26,
07DME025M_\ DEIS_17_Transit_and_Pedestrians.pdf,East 126th St and 2nd Ave,x,date,09:00-09:15,,,,,,,,,,,,,18,19(mirrored),21,19,
07DME025M_\ DEIS_17_Transit_and_Pedestrians.pdf,East 125th Street and Lexington Ave,x,date,12:00-12:15,,,,,,,,,,,,,190,261,186,261(mirrored),
07DME025M_\ DEIS_17_Transit_and_Pedestrians.pdf,East 125th Street and Lexington Ave,x,date,17:00-17:15,,,,,,,,,,,,,200,134,214,134(mirrored),
07DME025M_\ DEIS_17_Transit_and_Pedestrians.pdf,East 125th Street and Lexington Ave,x,date,09:00-09:15,,,,,,,,,,,,,166,98,126,98(mirrored),
qntransfiguration.pdf,38th Ave and 98th St,x,date,09:00-10:00,,,,,,,,,,,,,83,52,110,91,
qntransfiguration.pdf,38th Ave and 99th St,x,date,09:00-10:00,,,,,,,,,,,,,104,157,67,86,
2012-10-hamilton-heights-safe-seniors-report.pdf,Broadway and 145th Street,x,date,17:00-18:00,,,,,,,,,,,,,530,613,525,896,
2012-10-hamilton-heights-safe-seniors-report.pdf,Broadway and 145th Street,x,date,09:00-10:00,,,,,,,,,,,,,449,391,297,574,
2012-10-hamilton-heights-safe-seniors-report.pdf,Broadway and 166th Street,x,date,17:00-18:00,,,,,,,,,,,,,170,626,287,626(mirrored),
2012-10-hamilton-heights-safe-seniors-report.pdf,Broadway and 166th Street,x,date,09:00-10:00,,,,,,,,,,,,,149,693,328,693(mirrored),
2012-10-hamilton-heights-safe-seniors-report.pdf,Audubon Avenue and 165th Street,x,date,17:00-18:00,,,,,,,,,,,,,241,309,230,306,
2012-10-hamilton-heights-safe-seniors-report.pdf,Audubon Avenue and 165th Street,x,date,09:00-10:00,,,,,,,,,,,,,205,262,127,337,
2012-10-hamilton-heights-safe-seniors-report.pdf,Broadway and 160th Street,x,date,17:00-18:00,,,,,,,,,,,,,122,395,108,517,
2012-10-hamilton-heights-safe-seniors-report.pdf,Broadway and 160th Street,x,date,09:00-10:00,,,,,,,,,,,,,97,182,174,143,
2012-10-hamilton-heights-safe-seniors-report.pdf,St Nicholas Avenue and 165th Street,x,date,17:00-18:00,,,,,,,,,,,,,140,309,230,306,
2012-10-hamilton-heights-safe-seniors-report.pdf,St Nicholas Avenue and 165th Street,x,date,09:00-10:00,,,,,,,,,,,,,96,262,127,337,
2012-10-hamilton-heights-safe-seniors-report.pdf,Amsterdam Avenue and 155th Street*,x,date,17:00-18:00,,,,,,,,,,,,,134,199,89,312,
2012-10-hamilton-heights-safe-seniors-report.pdf,Amsterdam Avenue and 155th Street*,x,date,09:00-10:00,,,,,,,,,,,,,310,417,66,310,
2012-10-hamilton-heights-safe-seniors-report.pdf,Amsterdam Avenue and 147th Street,x,date,17:00-18:00,,,,,,,,,,,,,105,210,131,510,
2012-10-hamilton-heights-safe-seniors-report.pdf,Amsterdam Avenue and 147th Street,x,date,09:00-10:00,,,,,,,,,,,,,110,196,196,568,
2011_northern-brownsville-study.pdf,Hopkinson Ave and Pitkin Ave,x,date,17:00-18:00,,,,,,,,,,,,,286,78,461,53,
2011_northern-brownsville-study.pdf,Rockaway Ave and Atlantic Ave,x,date,17:00-18:00,,,,,,,,,,,,,31,78,58,173,
2011_northern-brownsville-study.pdf,Mother Gaston Blvd and New York Ave,x,date,17:00-18:00,,,,,,,,,,,,,19,15,24,101,
2011_northern-brownsville-study.pdf,Thomas Boyland Ave and Bergen St,x,date,17:00-18:00,,,,,,,,,,,,,26,114,18,74,
2011_northern-brownsville-study.pdf,Rockaway Ave and Pitkin Ave,x,date,17:00-18:00,,,,,,,,,,,,,232,182,309,245,
2011_northern-brownsville-study.pdf,Thomas Boyland Ave and Atlantic Ave,x,date,17:00-18:00,,,,,,,,,,,,,28,176,67,195,
2011_northern-brownsville-study.pdf,Rockaway Ave and Dean St,x,date,17:00-18:00,,,,,,,,,,,,,23,52,15,87,
12_feis.pdf,Madison Ave @ East 47th St,x,date,12:00-13:00,,,,,,,,,,,,,997(mirrored),1311,997,1580,
12_feis.pdf,Madison Ave @ East 47th St,x,date,17:00-18:00,,,,,,,,,,,,,1047(mirrored),1344,1047,1527,
12_feis.pdf,Madison Ave @ East 47th St,x,date,09:00-10:00,,,,,,,,,,,,,1244(mirrored),1030,1244,939,
12_feis.pdf,Fifth Ave @ East 42nd St,x,date,12:00-13:00,,,,,,,,,,,,,1669,2273,1428,1652,
12_feis.pdf,Fifth Ave @ East 42nd St,x,date,17:00-18:00,,,,,,,,,,,,,2120,2943,2208,2098,
12_feis.pdf,Fifth Ave @ East 42nd St,x,date,09:00-10:00,,,,,,,,,,,,,1733,1727,2397,1449,
12_feis.pdf,Madison Ave @ East 45th St,x,date,12:00-13:00,,,,,,,,,,,,,1149,1865,1149(mirrored),1284,
12_feis.pdf,Madison Ave @ East 45th St,x,date,17:00-18:00,,,,,,,,,,,,,996,2071,996(mirrored),1336,
12_feis.pdf,Madison Ave @ East 45th St,x,date,09:00-10:00,,,,,,,,,,,,,1203,1556,1203(mirrored),896,
12_feis.pdf,2nd Ave, E 43rd St,x,date,12:00-13:00,,,,,,,,,,,,,451(mirrored),734(mirrored),451,734,
12_feis.pdf,2nd Ave, E 43rd St,x,date,17:00-18:00,,,,,,,,,,,,,495(mirrored),717(mirrored),495,717,
12_feis.pdf,2nd Ave, E 43rd St,x,date,09:00-10:00,,,,,,,,,,,,,458(mirrored),644(mirrored),458,644,
12_feis.pdf,Fifth Ave @ East 45th St,x,date,12:00-13:00,,,,,,,,,,,,,1193,2020,1053,2020(mirrored),
12_feis.pdf,Fifth Ave @ East 45th St,x,date,17:00-18:00,,,,,,,,,,,,,978,1869,1193,1869(mirrored),
12_feis.pdf,Fifth Ave @ East 45th St,x,date,09:00-10:00,,,,,,,,,,,,,929,1273,875,1273(mirrored),
12_feis.pdf,Madison Ave @ East 42nd St,x,date,12:00-13:00,,,,,,,,,,,,,2867,1699,2033,1572,
12_feis.pdf,Madison Ave @ East 42nd St,x,date,17:00-18:00,,,,,,,,,,,,,4729,2135,2459,1472,
12_feis.pdf,Madison Ave @ East 42nd St,x,date,09:00-10:00,,,,,,,,,,,,,3504,2197,2241,1450,
12_feis.pdf,Madison Ave @ East 44th St,x,date,12:00-13:00,,,,,,,,,,,,,443,1122,443(mirrored),1216,
12_feis.pdf,Madison Ave @ East 44th St,x,date,17:00-18:00,,,,,,,,,,,,,578,1402,578(mirrored),1269,
12_feis.pdf,Madison Ave @ East 44th St,x,date,09:00-10:00,,,,,,,,,,,,,401,938,401(mirrored),1030,
12_feis.pdf,Park Ave @ East 49th St,x,date,12:00-13:00,,,,,,,,,,,,,459(mirrored),1093,459,1093(mirrored),
12_feis.pdf,Park Ave @ East 49th St,x,date,17:00-18:00,,,,,,,,,,,,,438(mirrored),1921,438,1921(mirrored),
12_feis.pdf,Park Ave @ East 49th St,x,date,09:00-10:00,,,,,,,,,,,,,575(mirrored),2045,575,2045(mirrored),
12_feis.pdf,2nd Ave, E 42nd St,x,date,12:00-13:00,,,,,,,,,,,,,563,581(mirrored),563(mirrored),581,
12_feis.pdf,2nd Ave, E 42nd St,x,date,17:00-18:00,,,,,,,,,,,,,786,706(mirrored),786(mirrored),706,
12_feis.pdf,2nd Ave, E 42nd St,x,date,09:00-10:00,,,,,,,,,,,,,879,710(mirrored),879(mirrored),710,
12_feis.pdf,Madison Ave @ East 40th St,x,date,12:00-13:00,,,,,,,,,,,,,985,1639(mirrored),1090,1639,
12_feis.pdf,Madison Ave @ East 40th St,x,date,17:00-18:00,,,,,,,,,,,,,865,1149(mirrored),927,1149,
12_feis.pdf,Madison Ave @ East 40th St,x,date,09:00-10:00,,,,,,,,,,,,,618,1050(mirrored),836,1050,
12_feis.pdf,Madison Ave @ East 43rd St,x,date,12:00-13:00,,,,,,,,,,,,,885,1062,703,1485,
12_feis.pdf,Madison Ave @ East 43rd St,x,date,17:00-18:00,,,,,,,,,,,,,1493,712,1279,1537,
12_feis.pdf,Madison Ave @ East 43rd St,x,date,09:00-10:00,,,,,,,,,,,,,1371,1076,1435,1186,
12_feis.pdf,Fifth Ave @ East 40th St,x,date,12:00-13:00,,,,,,,,,,,,,1660(mirrored),2066,1660,2066(mirrored),
12_feis.pdf,Fifth Ave @ East 40th St,x,date,17:00-18:00,,,,,,,,,,,,,1557(mirrored),1825,1557,1825(mirrored),
12_feis.pdf,Fifth Ave @ East 40th St,x,date,09:00-10:00,,,,,,,,,,,,,1218(mirrored),1059,1218,1059(mirrored),
12_feis.pdf,Fifth Ave @ East 44th St,x,date,12:00-13:00,,,,,,,,,,,,,919,2878,1231,2536,
12_feis.pdf,Fifth Ave @ East 44th St,x,date,17:00-18:00,,,,,,,,,,,,,1165,2793,2624,2930,
12_feis.pdf,Fifth Ave @ East 44th St,x,date,09:00-10:00,,,,,,,,,,,,,773,1904,1018,1456,
12_feis.pdf,Fifth Ave @ East 43rd St,x,date,12:00-13:00,,,,,,,,,,,,,1300,1532,712,2017,
12_feis.pdf,Fifth Ave @ East 43rd St,x,date,17:00-18:00,,,,,,,,,,,,,1364,2192,1450,3042,
12_feis.pdf,Fifth Ave @ East 43rd St,x,date,09:00-10:00,,,,,,,,,,,,,1858,638,1334,1506,
12_feis.pdf,3rd Ave, E. 50th St,x,date,12:00-13:00,,,,,,,,,,,,,422(mirrored),1342,422,1491,
12_feis.pdf,3rd Ave, E. 50th St,x,date,17:00-18:00,,,,,,,,,,,,,447(mirrored),2049,447,1416,
12_feis.pdf,3rd Ave, E. 50th St,x,date,09:00-10:00,,,,,,,,,,,,,381(mirrored),1950,381,1487,
12_feis.pdf,Lexington Ave @ East 42nd St,x,date,12:00-13:00,,,,,,,,,,,,,1497,1343,1497(mirrored),1343(mirrored),
12_feis.pdf,Lexington Ave @ East 42nd St,x,date,17:00-18:00,,,,,,,,,,,,,2167,1243,2167(mirrored),1243(mirrored),
12_feis.pdf,Lexington Ave @ East 42nd St,x,date,09:00-10:00,,,,,,,,,,,,,2233,1324,2233(mirrored),1324(mirrored),
12_feis.pdf,Fifth Ave @ East 47th St,x,date,12:00-13:00,,,,,,,,,,,,,533(mirrored),1792,533,2431,
12_feis.pdf,Fifth Ave @ East 47th St,x,date,17:00-18:00,,,,,,,,,,,,,929(mirrored),1613,929,2540,
12_feis.pdf,Fifth Ave @ East 47th St,x,date,09:00-10:00,,,,,,,,,,,,,974(mirrored),924,974,1025,
12_feis.pdf,Fifth Ave @ East 46th St,x,date,12:00-13:00,,,,,,,,,,,,,437,1978,1010,1852,
12_feis.pdf,Fifth Ave @ East 46th St,x,date,17:00-18:00,,,,,,,,,,,,,720,2037,810,1925,
12_feis.pdf,Fifth Ave @ East 46th St,x,date,09:00-10:00,,,,,,,,,,,,,564,1138,747,977,
12_feis.pdf,3rd Ave, E. 49th St,x,date,12:00-13:00,,,,,,,,,,,,,506,1319(mirrored),506(mirrored),1319,
12_feis.pdf,3rd Ave, E. 49th St,x,date,17:00-18:00,,,,,,,,,,,,,327,1136(mirrored),327(mirrored),1136,
12_feis.pdf,3rd Ave, E. 49th St,x,date,09:00-10:00,,,,,,,,,,,,,288,1261(mirrored),288(mirrored),1261,
12_feis.pdf,3rd Ave, E. 42nd St,x,date,12:00-13:00,,,,,,,,,,,,,923,1497,923(mirrored),1253,
12_feis.pdf,3rd Ave, E. 42nd St,x,date,17:00-18:00,,,,,,,,,,,,,1657,1466,1657(mirrored),2087,
12_feis.pdf,3rd Ave, E. 42nd St,x,date,09:00-10:00,,,,,,,,,,,,,1884,1732,1884(mirrored),1674,
12_feis.pdf,Lexington Ave @ East 49th St,x,date,12:00-13:00,,,,,,,,,,,,,505,922,344,812,
12_feis.pdf,Lexington Ave @ East 49th St,x,date,17:00-18:00,,,,,,,,,,,,,405,1335,458,1231,
12_feis.pdf,Lexington Ave @ East 49th St,x,date,09:00-10:00,,,,,,,,,,,,,596,978,578,1276,
12_feis.pdf,Lexington Ave @ East 50th St,x,date,12:00-13:00,,,,,,,,,,,,,597,1382,583,976,
12_feis.pdf,Lexington Ave @ East 50th St,x,date,17:00-18:00,,,,,,,,,,,,,852,2316,750,1556,
12_feis.pdf,Lexington Ave @ East 50th St,x,date,09:00-10:00,,,,,,,,,,,,,1222,1998,853,2005,
12_feis.pdf,Lexington Ave @ East 48th St,x,date,12:00-13:00,,,,,,,,,,,,,349,916,401,686,
12_feis.pdf,Lexington Ave @ East 48th St,x,date,17:00-18:00,,,,,,,,,,,,,654,974,369,792,
12_feis.pdf,Lexington Ave @ East 48th St,x,date,09:00-10:00,,,,,,,,,,,,,631,830,401,835,
12_feis.pdf,Madison Ave @ East 46th St,x,date,12:00-13:00,,,,,,,,,,,,,609,959,965,1666,
12_feis.pdf,Madison Ave @ East 46th St,x,date,17:00-18:00,,,,,,,,,,,,,635,1314,810,1423,
12_feis.pdf,Madison Ave @ East 46th St,x,date,09:00-10:00,,,,,,,,,,,,,636,826,765,1177,
2011_bowery-houston-bleecker_study-technical-memo1.pdf,8th St / Astor Place / 4th Ave,x,date,17:00-18:00,,,,,,,,,,,,,2236,165,1533,578,
2011_bowery-houston-bleecker_study-technical-memo1.pdf,Essex and Delancey,x,date,17:00-18:00,,,,,,,,,,,,,945,397,324,461,
2011_bowery-houston-bleecker_study-technical-memo1.pdf,Bleecker and Lafayette,x,date,17:00-18:00,,,,,,,,,,,,,653,163,810,923,
2011_bowery-houston-bleecker_study-technical-memo1.pdf,Houston and Broadway,x,date,17:00-18:00,,,,,,,,,,,,,1001,1035,482,1167,
2011_bowery-houston-bleecker_study-technical-memo1.pdf,1st Ave and Houston,x,date,17:00-18:00,,,,,,,,,,,,,415,267,1058,315,
2011_bowery-houston-bleecker_study-technical-memo1.pdf,Houston and Bowery,x,date,17:00-18:00,,,,,,,,,,,,,354,563,661,359,
2012-08-safe-streets-seniors-east-flatbush-report.pdf,Utica Ave and Linden Blvd,x,date,17:00-18:00,,,,,,,,,,,,,99,230,142,202,
2012-08-safe-streets-seniors-east-flatbush-report.pdf,Utica Ave and Linden Blvd,x,date,09:00-10:00,,,,,,,,,,,,,91,104,85,114,
2012-08-safe-streets-seniors-east-flatbush-report.pdf,Utica Ave and Clarkson Ave,x,date,17:00-18:00,,,,,,,,,,,,,61,177,101,169,
2012-08-safe-streets-seniors-east-flatbush-report.pdf,Utica Ave and Clarkson Ave,x,date,09:00-10:00,,,,,,,,,,,,,46,132,87,85,
2012-08-safe-streets-seniors-east-flatbush-report.pdf,Utica Ave and E New York Ave,x,date,17:00-18:00,,,,,,,,,,,,,40,190,30,202,
2012-08-safe-streets-seniors-east-flatbush-report.pdf,Utica Ave and E New York Ave,x,date,09:00-10:00,,,,,,,,,,,,,27,66,12,70,
2012-08-safe-streets-seniors-east-flatbush-report.pdf,Utica Ave and Empire Blvd,x,date,17:00-18:00,,,,,,,,,,,,,349,286,47,492,
2012-08-safe-streets-seniors-east-flatbush-report.pdf,Utica Ave and Empire Blvd,x,date,09:00-10:00,,,,,,,,,,,,,381,49,182,240,
2012-08-safe-streets-seniors-east-flatbush-report.pdf,Utica Ave and Winthrop St,x,date,17:00-18:00,,,,,,,,,,,,,95,123,142,203,
2012-08-safe-streets-seniors-east-flatbush-report.pdf,Utica Ave and Winthrop St,x,date,09:00-10:00,,,,,,,,,,,,,106,80,95,66,
Chapter-19-Transit-Pedestrians.pdf,Broadway and Wallabout St,x,date,12:00-12:15,,,,,,,,,,,,,18,33(mirrored),18(mirrored),33,
Chapter-19-Transit-Pedestrians.pdf,Broadway and Wallabout St,x,date,17:00-17:15,,,,,,,,,,,,,31,42(mirrored),31(mirrored),42,
Chapter-19-Transit-Pedestrians.pdf,Broadway and Wallabout St,x,date,09:00-09:15,,,,,,,,,,,,,23,46(mirrored),23(mirrored),46,
Chapter-19-Transit-Pedestrians.pdf,Union Ave and Flushing Ave,x,date,12:00-12:15,,,,,,,,,,,,,23,26,25,11,
Chapter-19-Transit-Pedestrians.pdf,Union Ave and Flushing Ave,x,date,17:00-17:15,,,,,,,,,,,,,36,37,51,18,
Chapter-19-Transit-Pedestrians.pdf,Union Ave and Flushing Ave,x,date,09:00-09:15,,,,,,,,,,,,,35,49,51,42,
Chapter-19-Transit-Pedestrians.pdf,Throop Ave and Lorimer St,x,date,12:00-12:15,,,,,,,,,,,,,9,15(mirrored),9(mirrored),15,
Chapter-19-Transit-Pedestrians.pdf,Throop Ave and Lorimer St,x,date,17:00-17:15,,,,,,,,,,,,,28,50(mirrored),28(mirrored),50,
Chapter-19-Transit-Pedestrians.pdf,Throop Ave and Lorimer St,x,date,09:00-09:15,,,,,,,,,,,,,59,95(mirrored),59(mirrored),95,
Chapter-19-Transit-Pedestrians.pdf,Harrison Ave and Gerry St,x,date,12:00-12:15,,,,,,,,,,,,,9,2,7,3,
Chapter-19-Transit-Pedestrians.pdf,Harrison Ave and Gerry St,x,date,17:00-17:15,,,,,,,,,,,,,6,6,6,5,
Chapter-19-Transit-Pedestrians.pdf,Harrison Ave and Gerry St,x,date,09:00-09:15,,,,,,,,,,,,,6,9,8,13,
11DME001K_FEIS_09_Transportation.pdf,Navy St and Sands St,x,date,12:00-12:15,,,,,,,,,,,,,5,21,5,4,
11DME001K_FEIS_09_Transportation.pdf,Navy St and Sands St,x,date,17:00-17:15,,,,,,,,,,,,,7,5,4,11,
11DME001K_FEIS_09_Transportation.pdf,Navy St and Sands St,x,date,09:00-09:15,,,,,,,,,,,,,19,5,10,31,
11DME001K_FEIS_09_Transportation.pdf,Navy St and Nassau St,x,date,12:00-12:15,,,,,,,,,,,,,11,21,7,38,
11DME001K_FEIS_09_Transportation.pdf,Navy St and Nassau St,x,date,17:00-17:15,,,,,,,,,,,,,6,7,15,12,
11DME001K_FEIS_09_Transportation.pdf,Navy St and Nassau St,x,date,09:00-09:15,,,,,,,,,,,,,9,9,13,55,
0316_feis.pdf,West 125th Street @ Adam Clayton Powell Blvd,x,date,12:00-12:15,,,,,,,,,,,,,267,70,429,154,
0316_feis.pdf,West 125th Street @ Adam Clayton Powell Blvd,x,date,17:00-17:15,,,,,,,,,,,,,278,97,605,141,
0316_feis.pdf,West 125th Street @ Adam Clayton Powell Blvd,x,date,09:00-09:15,,,,,,,,,,,,,170,75,129,69,
0316_feis.pdf,West 124th Street @ Malcolm X Boulevard,x,date,12:00-12:15,,,,,,,,,,,,,78,100,27,52,
0316_feis.pdf,West 124th Street @ Malcolm X Boulevard,x,date,17:00-17:15,,,,,,,,,,,,,60,155,2,43,
0316_feis.pdf,West 124th Street @ Malcolm X Boulevard,x,date,09:00-09:15,,,,,,,,,,,,,62,94,19,93,
0316_feis.pdf,East 125th Street @ Park Ave (Northbound),x,date,12:00-12:15,,,,,,,,,,,,,206,78,215,69,
0316_feis.pdf,East 125th Street @ Park Ave (Northbound),x,date,17:00-17:15,,,,,,,,,,,,,282,60,297,50,
0316_feis.pdf,East 125th Street @ Park Ave (Northbound),x,date,09:00-09:15,,,,,,,,,,,,,176,67,231,60,
0316_feis.pdf,West 125th Street @ Broadway,x,date,12:00-12:15,,,,,,,,,,,,,17,57,18,39,
0316_feis.pdf,West 125th Street @ Broadway,x,date,17:00-17:15,,,,,,,,,,,,,15,85,25,78,
0316_feis.pdf,West 125th Street @ Broadway,x,date,09:00-09:15,,,,,,,,,,,,,15,66,15,49,
0316_feis.pdf,West 126th Street @ Adam Clayton Powell Blvd,x,date,12:00-12:15,,,,,,,,,,,,,22,95,35,89,
0316_feis.pdf,West 126th Street @ Adam Clayton Powell Blvd,x,date,17:00-17:15,,,,,,,,,,,,,24,89,28,71,
0316_feis.pdf,West 126th Street @ Adam Clayton Powell Blvd,x,date,09:00-09:15,,,,,,,,,,,,,27,81,26,75,
0316_feis.pdf,East 124th Street @ Madison Ave,x,date,12:00-12:15,,,,,,,,,,,,,75,56,27,36,
0316_feis.pdf,East 124th Street @ Madison Ave,x,date,17:00-17:15,,,,,,,,,,,,,41,58,37,40,
0316_feis.pdf,East 124th Street @ Madison Ave,x,date,09:00-09:15,,,,,,,,,,,,,48,58,18,22,
0316_feis.pdf,East 125th Street @ Lexington Ave,x,date,12:00-12:15,,,,,,,,,,,,,238,110,217,206,
0316_feis.pdf,East 125th Street @ Lexington Ave,x,date,17:00-17:15,,,,,,,,,,,,,200,134,214,206,
0316_feis.pdf,East 125th Street @ Lexington Ave,x,date,09:00-09:15,,,,,,,,,,,,,166,98,126,136,
0316_feis.pdf,East 125th Street @ Park Ave (Southbound),x,date,12:00-12:15,,,,,,,,,,,,,199,32,217,19,
0316_feis.pdf,East 125th Street @ Park Ave (Southbound),x,date,17:00-17:15,,,,,,,,,,,,,229,30,236,9,
0316_feis.pdf,East 125th Street @ Park Ave (Southbound),x,date,09:00-09:15,,,,,,,,,,,,,183,32,177,19,
0316_feis.pdf,West 125th Street @ Malcolm X Boulevard,x,date,12:00-12:15,,,,,,,,,,,,,249,147,233,277,
0316_feis.pdf,West 125th Street @ Malcolm X Boulevard,x,date,17:00-17:15,,,,,,,,,,,,,225,142,294,171,
0316_feis.pdf,West 125th Street @ Malcolm X Boulevard,x,date,09:00-09:15,,,,,,,,,,,,,172,83,151,138,
0316_feis.pdf,West 126th Street @ Malcolm X Boulevard,x,date,12:00-12:15,,,,,,,,,,,,,22,168,62,138,
0316_feis.pdf,West 126th Street @ Malcolm X Boulevard,x,date,17:00-17:15,,,,,,,,,,,,,23,200,43,221,
0316_feis.pdf,West 126th Street @ Malcolm X Boulevard,x,date,09:00-09:15,,,,,,,,,,,,,28,108,28,197,
0316_feis.pdf,125th Street @ Fifth Ave,x,date,12:00-12:15,,,,,,,,,,,,,151,48,223,60,
0316_feis.pdf,125th Street @ Fifth Ave,x,date,17:00-17:15,,,,,,,,,,,,,206,77,283,72,
0316_feis.pdf,125th Street @ Fifth Ave,x,date,09:00-09:15,,,,,,,,,,,,,101,44,114,57,
0316_feis.pdf,West 125th Street @ Frederick Douglass Blvd,x,date,12:00-12:15,,,,,,,,,,,,,258,148,381,146,
0316_feis.pdf,West 125th Street @ Frederick Douglass Blvd,x,date,17:00-17:15,,,,,,,,,,,,,235,118,444,134,
0316_feis.pdf,West 125th Street @ Frederick Douglass Blvd,x,date,09:00-09:15,,,,,,,,,,,,,173,80,140,56,
0316_feis.pdf,West 124th Street @ Adam Clayton Powell Blvd,x,date,12:00-12:15,,,,,,,,,,,,,60,87,41,103,
0316_feis.pdf,West 124th Street @ Adam Clayton Powell Blvd,x,date,17:00-17:15,,,,,,,,,,,,,40,114,28,122,
0316_feis.pdf,West 124th Street @ Adam Clayton Powell Blvd,x,date,09:00-09:15,,,,,,,,,,,,,33,80,32,81,
0316_feis.pdf,East 125th Street @ Third Ave,x,date,12:00-12:15,,,,,,,,,,,,,51,29,68,93,
0316_feis.pdf,East 125th Street @ Third Ave,x,date,17:00-17:15,,,,,,,,,,,,,55,34,90,66,
0316_feis.pdf,East 125th Street @ Third Ave,x,date,09:00-09:15,,,,,,,,,,,,,41,29,64,52,
0316_feis.pdf,East 125th Street @ Madison Ave,x,date,12:00-12:15,,,,,,,,,,,,,198,42,193,52,
0316_feis.pdf,East 125th Street @ Madison Ave,x,date,17:00-17:15,,,,,,,,,,,,,241,52,192,39,
0316_feis.pdf,East 125th Street @ Madison Ave,x,date,09:00-09:15,,,,,,,,,,,,,132,42,102,38,
0316_feis.pdf,West 125th Street @ St. Nicholas Ave,x,date,12:00-12:15,,,,,,,,,,,,,245,90,202,79,
0316_feis.pdf,West 125th Street @ St. Nicholas Ave,x,date,17:00-17:15,,,,,,,,,,,,,246,103,212,108,
0316_feis.pdf,West 125th Street @ St. Nicholas Ave,x,date,09:00-09:15,,,,,,,,,,,,,134,50,109,78,
gw_feis_ch_17.pdf,Manhattan Ave and Nassau Ave,x,date,17:00-17:15,,,,,,,,,,,,,51,127,102,94,
gw_feis_ch_17.pdf,Manhattan Ave and Nassau Ave,x,date,09:00-09:15,,,,,,,,,,,,,43,57,68,57,
gw_feis_ch_17.pdf,Manhattan Ave and India St,x,date,17:00-17:15,,,,,,,,,,,,,39,146,56,204,
gw_feis_ch_17.pdf,Manhattan Ave and India St,x,date,09:00-09:15,,,,,,,,,,,,,22,119,60,142,
gw_feis_ch_17.pdf,Manhattan Ave and Greenpoint Ave,x,date,17:00-17:15,,,,,,,,,,,,,65,169,115,229,
gw_feis_ch_17.pdf,Manhattan Ave and Greenpoint Ave,x,date,09:00-09:15,,,,,,,,,,,,,40,87,38,128,
gw_feis_ch_17.pdf,Bedford Ave and N 6th St,x,date,17:00-17:15,,,,,,,,,,,,,44,232,29,115,
gw_feis_ch_17.pdf,Bedford Ave and N 6th St,x,date,09:00-09:15,,,,,,,,,,,,,45,199,46,77,
gw_feis_ch_17.pdf,Bedford Ave and N 7th St,x,date,17:00-17:15,,,,,,,,,,,,,87,128,99,98,
gw_feis_ch_17.pdf,Bedford Ave and N 7th St,x,date,09:00-09:15,,,,,,,,,,,,,65,62,93,45,
08DME004X_FEIS_Appendix_C_Transit_and_Pedestrians.pdf,Jerome Ave and 195th St,x,date,12:00-12:15,,,,,,,,,,,,,18,148(mirrored),29,148,
08DME004X_FEIS_Appendix_C_Transit_and_Pedestrians.pdf,Jerome Ave and 195th St,x,date,09:00-09:15,,,,,,,,,,,,,83,175(mirrored),34,175,
08DME004X_FEIS_Appendix_C_Transit_and_Pedestrians.pdf,Jerome Ave and Kingsbridge Rd,x,date,12:00-12:15,,,,,,,,,,,,,57,68,72,63,
08DME004X_FEIS_Appendix_C_Transit_and_Pedestrians.pdf,Jerome Ave and Kingsbridge Rd,x,date,09:00-09:15,,,,,,,,,,,,,46,89,61,45,
08DME004X_FEIS_Appendix_C_Transit_and_Pedestrians.pdf,Davison Ave and Kingsbridge Rd,x,date,12:00-12:15,,,,,,,,,,,,,150(mirrored),5,150,7,
08DME004X_FEIS_Appendix_C_Transit_and_Pedestrians.pdf,Davison Ave and Kingsbridge Rd,x,date,09:00-09:15,,,,,,,,,,,,,67(mirrored),16,67,14,
08DME004X_FEIS_Appendix_C_Transit_and_Pedestrians.pdf,Reservoir Ave and Kingbridge Rd,x,date,12:00-12:15,,,,,,,,,,,,,70,12,120,31,
08DME004X_FEIS_Appendix_C_Transit_and_Pedestrians.pdf,Reservoir Ave and Kingbridge Rd,x,date,09:00-09:15,,,,,,,,,,,,,71,27,73,17,
08DME004X_FEIS_Appendix_C_Transit_and_Pedestrians.pdf,Reservoir Ave and 195th St,x,date,12:00-12:15,,,,,,,,,,,,,32,30,8,13,
08DME004X_FEIS_Appendix_C_Transit_and_Pedestrians.pdf,Reservoir Ave and 195th St,x,date,09:00-09:15,,,,,,,,,,,,,301,56,14,33,
2011_seniors_greenpoint_final_report.pdf,Bedford Ave and N 9th St,x,date,17:00-18:00,,,,,,,,,,,,,50,391,87,365,
2011_seniors_greenpoint_final_report.pdf,Bedford Ave and N 9th St,x,date,09:00-10:00,,,,,,,,,,,,,45,346,53,263,
2011_seniors_greenpoint_final_report.pdf,Bedford Ave and N 10th St,x,date,17:00-18:00,,,,,,,,,,,,,32,403,31,333,
2011_seniors_greenpoint_final_report.pdf,Bedford Ave and N 10th St,x,date,09:00-10:00,,,,,,,,,,,,,19,294,32,281,
2011_seniors_greenpoint_final_report.pdf,Banker St and N 15th St,x,date,17:00-18:00,,,,,,,,,,,,,20,8,42,16,
2011_seniors_greenpoint_final_report.pdf,Banker St and N 15th St,x,date,09:00-10:00,,,,,,,,,,,,,25,3,3,3,
2011_seniors_greenpoint_final_report.pdf,Driggs Ave and N 7th St,x,date,17:00-18:00,,,,,,,,,,,,,51,169,171,81,
2011_seniors_greenpoint_final_report.pdf,Driggs Ave and N 7th St,x,date,09:00-10:00,,,,,,,,,,,,,50,183,104,82,
2011_seniors_greenpoint_final_report.pdf,Nassau Ave and Banker St:,x,date,17:00-18:00,,,,,,,,,,,,,90,33,90(mirrored),30,
2011_seniors_greenpoint_final_report.pdf,Nassau Ave and Banker St:,x,date,09:00-10:00,,,,,,,,,,,,,72,266,72(mirrored),389,
2011_seniors_greenpoint_final_report.pdf,Bedford Ave and N 5th St,x,date,17:00-18:00,,,,,,,,,,,,,58,717,73,398,
2011_seniors_greenpoint_final_report.pdf,Bedford Ave and N 5th St,x,date,09:00-10:00,,,,,,,,,,,,,63,606,53,128,
2011_seniors_greenpoint_final_report.pdf,Bedford Ave and N 4th St,x,date,17:00-18:00,,,,,,,,,,,,,90,609,77,128,
2011_seniors_greenpoint_final_report.pdf,Bedford Ave and N 4th St,x,date,09:00-10:00,,,,,,,,,,,,,65,442,27,384,
2011_seniors_greenpoint_final_report.pdf,Bedford Ave and N 7th St,x,date,17:00-18:00,,,,,,,,,,,,,447,392,365,333,
2011_seniors_greenpoint_final_report.pdf,Bedford Ave and N 7th St,x,date,09:00-10:00,,,,,,,,,,,,,269,172,185,149,
2013-07-soundview-final-report.pdf,Castle Hill Ave and Gleason Ave,x,date,12:00-13:00,,,,,,,,,,,,,53,30,130,229,
2013-07-soundview-final-report.pdf,Castle Hill Ave and Gleason Ave,x,date,09:00-10:00,,,,,,,,,,,,,47,72,270,320,
2013-07-soundview-final-report.pdf,Archer St and Leland Ave,x,date,12:00-13:00,,,,,,,,,,,,,101,30,133,28,
2013-07-soundview-final-report.pdf,Archer St and Leland Ave,x,date,09:00-10:00,,,,,,,,,,,,,304,32,160,60,
2013-07-soundview-final-report.pdf,Castle Hill Ave and Westchester Ave,x,date,12:00-13:00,,,,,,,,,,,,,283,293,269,302,
2013-07-soundview-final-report.pdf,Castle Hill Ave and Westchester Ave,x,date,09:00-10:00,,,,,,,,,,,,,307,401,370,394,
2013-07-soundview-final-report.pdf,White Plains Rd and Archer St,x,date,12:00-13:00,,,,,,,,,,,,,120,39,107,47,
2013-07-soundview-final-report.pdf,White Plains Rd and Archer St,x,date,09:00-10:00,,,,,,,,,,,,,220,82,134,94,
2013-07-soundview-final-report.pdf,Castle Hill and Lafayette,x,date,12:00-13:00,,,,,,,,,,,,,14,53,49,52,
2013-07-soundview-final-report.pdf,Castle Hill and Lafayette,x,date,09:00-10:00,,,,,,,,,,,,,18,60,27,58,
2013-07-soundview-final-report.pdf,Castle Hill and Powell,x,date,12:00-13:00,,,,,,,,,,,,,35,99,159,153,
2013-07-soundview-final-report.pdf,Castle Hill and Powell,x,date,09:00-10:00,,,,,,,,,,,,,56,158,264,244,
2013-07-soundview-final-report.pdf,Tremont Ave and White Plains Rd,x,date,12:00-13:00,,,,,,,,,,,,,8,23,75,17,
2013-07-soundview-final-report.pdf,Tremont Ave and White Plains Rd,x,date,09:00-10:00,,,,,,,,,,,,,18,21,87,9,
2013-07-soundview-final-report.pdf,Castle Hill Ave and Newbold Ave,x,date,12:00-13:00,,,,,,,,,,,,,94,253,80,343,
2013-07-soundview-final-report.pdf,Castle Hill Ave and Newbold Ave,x,date,09:00-10:00,,,,,,,,,,,,,84,214,86,408,
2013-07-soundview-final-report.pdf,Castle Hill Ave and Ellis Ave,x,date,12:00-13:00,,,,,,,,,,,,,43,196,32,101,
2013-07-soundview-final-report.pdf,Castle Hill Ave and Ellis Ave,x,date,09:00-10:00,,,,,,,,,,,,,16,246,33,353,
2013-07-soundview-final-report.pdf,Castle Hill and Story,x,date,12:00-13:00,,,,,,,,,,,,,21,35,7,59,
2013-07-soundview-final-report.pdf,Castle Hill and Story,x,date,09:00-10:00,,,,,,,,,,,,,30,50,7,62,
2013-07-soundview-final-report.pdf,Waterbury and Zerega,x,date,12:00-13:00,,,,,,,,,,,,,61,15,9,39,
2013-07-soundview-final-report.pdf,Waterbury and Zerega,x,date,09:00-10:00,,,,,,,,,,,,,71,18,2,66,
2013-07-soundview-final-report.pdf,Westchester Ave and Havermeyer Ave,x,date,12:00-13:00,,,,,,,,,,,,,83,61,34,23,
2013-07-soundview-final-report.pdf,Westchester Ave and Havermeyer Ave,x,date,09:00-10:00,,,,,,,,,,,,,107,63,81,66,
2013-07-soundview-final-report.pdf,Zerega and Haviland,x,date,12:00-13:00,,,,,,,,,,,,,13,59,3,27,
2013-07-soundview-final-report.pdf,Zerega and Haviland,x,date,09:00-10:00,,,,,,,,,,,,,14,26,0,22,
17_fseis.pdf,West 59th Street and West End Avenue,x,date,12:00-12:15,,,,,,,,,,,,,9,35(mirrored),9(mirrored),35,
17_fseis.pdf,West 59th Street and West End Avenue,x,date,17:00-17:15,,,,,,,,,,,,,13,29(mirrored),13(mirrored),29,
17_fseis.pdf,West 59th Street and West End Avenue,x,date,09:00-09:15,,,,,,,,,,,,,11,28(mirrored),11(mirrored),28,
17_fseis.pdf,West 60th Street and Broadway,x,date,12:00-12:15,,,,,,,,,,,,,292,454(mirrored),96,454,
17_fseis.pdf,West 60th Street and Broadway,x,date,17:00-17:15,,,,,,,,,,,,,148,512(mirrored),699,512,
17_fseis.pdf,West 60th Street and Broadway,x,date,09:00-09:15,,,,,,,,,,,,,253,232(mirrored),605,232,
17_fseis.pdf,West 60th Street and West End Ave.,x,date,12:00-12:15,,,,,,,,,,,,,11,21,7,38,
17_fseis.pdf,West 60th Street and West End Ave.,x,date,17:00-17:15,,,,,,,,,,,,,3,18,4,43,
17_fseis.pdf,West 60th Street and West End Ave.,x,date,09:00-09:15,,,,,,,,,,,,,9,13,4,39,
17_fseis.pdf,West 60th Street and Amsterdam Ave.,x,date,12:00-12:15,,,,,,,,,,,,,6,40,108,141,
17_fseis.pdf,West 60th Street and Amsterdam Ave.,x,date,17:00-17:15,,,,,,,,,,,,,76,75,106,63,
17_fseis.pdf,West 60th Street and Amsterdam Ave.,x,date,09:00-09:15,,,,,,,,,,,,,60,157,101,187,
17_fseis.pdf,West 60th Street and Columbus Ave.,x,date,12:00-12:15,,,,,,,,,,,,,142,144,139,205,
17_fseis.pdf,West 60th Street and Columbus Ave.,x,date,17:00-17:15,,,,,,,,,,,,,317,168,372,359,
17_fseis.pdf,West 60th Street and Columbus Ave.,x,date,09:00-09:15,,,,,,,,,,,,,201,144,421,230,
17_fseis.pdf,West 61st Street and West End Avenue,x,date,12:00-12:15,,,,,,,,,,,,,3(mirrored),44(mirrored),3,44,
17_fseis.pdf,West 61st Street and West End Avenue,x,date,17:00-17:15,,,,,,,,,,,,,44(mirrored),39(mirrored),44,39,
17_fseis.pdf,West 61st Street and West End Avenue,x,date,09:00-09:15,,,,,,,,,,,,,36(mirrored),38(mirrored),36,38,
14_feis.pdf,11th Ave and W 54th St,x,date,17:00-17:15,,,,,,,,,,,,,35,34,35(mirrored),34(mirrored),
14_feis.pdf,11th Ave and W 54th St,x,date,09:00-09:15,,,,,,,,,,,,,46,49,46(mirrored),49(mirrored),
14_feis.pdf,11th Ave and W 53rd St,x,date,17:00-17:15,,,,,,,,,,,,,55,26,55(mirrored),26(mirrored),
14_feis.pdf,11th Ave and W 53rd St,x,date,09:00-09:15,,,,,,,,,,,,,34,7,34(mirrored),7(mirrored),
14_feis.pdf,10th Ave and W. 53rd St,x,date,17:00-17:15,,,,,,,,,,,,,19,86,19(mirrored),86(mirrored),
14_feis.pdf,10th Ave and W. 53rd St,x,date,09:00-09:15,,,,,,,,,,,,,41,110,41(mirrored),110(mirrored),
14_feis.pdf,10th Ave and W. 54th St,x,date,17:00-17:15,,,,,,,,,,,,,39,89,39(mirrored),89(mirrored),
14_feis.pdf,10th Ave and W. 54th St,x,date,09:00-09:15,,,,,,,,,,,,,37,11,37(mirrored),11(mirrored),
10_feis.pdf,Evergreen Ave and Flushing Ave,x,date,12:00-13:00,,,,,,,,,,,,,21(mirrored),89(mirrored),21,89,
10_feis.pdf,Evergreen Ave and Flushing Ave,x,date,17:00-18:00,,,,,,,,,,,,,85(mirrored),22(mirrored),85,22,
10_feis.pdf,Evergreen Ave and Flushing Ave,x,date,09:00-10:00,,,,,,,,,,,,,89(mirrored),25(mirrored),89,25,
10_feis.pdf,Bushwick Ave and Flushing Ave,x,date,12:00-13:00,,,,,,,,,,,,,100(mirrored),48,100,35,
10_feis.pdf,Bushwick Ave and Flushing Ave,x,date,17:00-18:00,,,,,,,,,,,,,97(mirrored),63,97,33,
10_feis.pdf,Bushwick Ave and Flushing Ave,x,date,09:00-10:00,,,,,,,,,,,,,104(mirrored),119,104,55,
18_feis.pdf,8th Ave and W 34th St,x,date,12:00-12:15,,,,,,,,,,,,,1334(mirrored),658,1334,464,
